Author: Spencer Rodgers, Date 1/8/2021, Score = 4.67339, Intercept Time = 4.25
Missile X, Missile Y, Target X, Target Y,AccelM, Separation, Time 
0,0,894.693,1788.72,0,2000,0
3.0688,6.13531,897.79,1788.72,-19.3888,2000,0.01
6.15458,12.2621,900.887,1788.72,-19.3485,1994.53,0.02
9.25728,18.3803,903.984,1788.72,-19.3082,1989.06,0.03
12.3768,24.49,907.081,1788.72,-19.2678,1983.59,0.04
15.5132,30.591,910.178,1788.72,-19.2274,1978.13,0.05
18.6663,36.6835,913.275,1788.72,-19.1869,1972.68,0.06
21.8361,42.7672,916.372,1788.72,-19.1465,1967.22,0.07
25.0226,48.8422,919.469,1788.72,-19.1059,1961.77,0.08
28.2256,54.9086,922.566,1788.72,-19.0654,1956.33,0.09
31.4451,60.9662,925.663,1788.72,-19.0248,1950.88,0.1
34.6811,67.015,928.76,1788.72,-18.9842,1945.45,0.11
37.9334,73.055,931.857,1788.72,-18.9436,1940.01,0.12
41.2021,79.0862,934.954,1788.72,-18.9029,1934.58,0.13
44.4871,85.1085,938.051,1788.72,-18.8623,1929.16,0.14
47.7883,91.122,941.148,1788.72,-18.8216,1923.73,0.15
51.1056,97.1266,944.245,1788.72,-18.7809,1918.32,0.16
54.439,103.122,947.342,1788.72,-18.7401,1912.9,0.17
57.7885,109.109,950.439,1788.72,-18.6993,1907.49,0.18
61.154,115.087,953.536,1788.72,-18.6586,1902.08,0.19
64.5354,121.055,956.633,1788.72,-18.6178,1896.68,0.2
67.9326,127.015,959.73,1788.72,-18.5769,1891.28,0.21
71.3456,132.966,962.827,1788.72,-18.5361,1885.89,0.22
74.7744,138.907,965.924,1788.72,-18.4953,1880.5,0.23
78.2189,144.84,969.021,1788.72,-18.4544,1875.11,0.24
81.679,150.763,972.118,1788.72,-18.4135,1869.73,0.25
85.1547,156.678,975.215,1788.72,-18.3726,1864.35,0.26
88.6459,162.583,978.312,1788.72,-18.3317,1858.97,0.27
92.1525,168.479,981.409,1788.72,-18.2908,1853.6,0.28
95.6746,174.366,984.506,1788.72,-18.2499,1848.23,0.29
99.2119,180.243,987.603,1788.72,-18.209,1842.87,0.3
102.765,186.112,990.7,1788.72,-18.168,1837.51,0.31
106.332,191.971,993.797,1788.72,-18.1271,1832.15,0.32
109.915,197.821,996.894,1788.72,-18.0861,1826.8,0.33
113.514,203.662,999.991,1788.72,-18.0452,1821.45,0.34
117.127,209.493,1003.09,1788.72,-18.0042,1816.11,0.35
120.755,215.315,1006.19,1788.72,-17.9632,1810.77,0.36
124.398,221.128,1009.28,1788.72,-17.9223,1805.43,0.37
128.056,226.931,1012.38,1788.72,-17.8813,1800.1,0.38
131.729,232.725,1015.48,1788.72,-17.8403,1794.77,0.39
135.416,238.51,1018.57,1788.72,-17.7994,1789.45,0.4
139.119,244.285,1021.67,1788.72,-17.7584,1784.13,0.41
142.835,250.051,1024.77,1788.72,-17.7174,1778.81,0.42
146.567,255.807,1027.86,1788.72,-17.6765,1773.5,0.43
150.313,261.554,1030.96,1788.72,-17.6355,1768.19,0.44
154.073,267.291,1034.06,1788.72,-17.5946,1762.89,0.45
157.848,273.019,1037.16,1788.72,-17.5536,1757.59,0.46
161.637,278.738,1040.25,1788.72,-17.5127,1752.29,0.47
165.441,284.447,1043.35,1788.72,-17.4718,1747,0.48
169.259,290.147,1046.45,1788.72,-17.4308,1741.71,0.49
173.09,295.837,1049.54,1788.72,-17.3899,1736.43,0.5
176.936,301.517,1052.64,1788.72,-17.349,1731.15,0.51
180.797,307.188,1055.74,1788.72,-17.3081,1725.87,0.52
184.671,312.849,1058.83,1788.72,-17.2673,1720.6,0.53
188.559,318.501,1061.93,1788.72,-17.2264,1715.33,0.54
192.461,324.143,1065.03,1788.72,-17.1855,1710.07,0.55
196.377,329.776,1068.13,1788.72,-17.1447,1704.81,0.56
200.306,335.399,1071.22,1788.72,-17.1039,1699.55,0.57
204.249,341.012,1074.32,1788.72,-17.0631,1694.3,0.58
208.206,346.616,1077.42,1788.72,-17.0223,1689.05,0.59
212.177,352.21,1080.51,1788.72,-16.9815,1683.8,0.6
216.161,357.794,1083.61,1788.72,-16.9407,1678.56,0.61
220.159,363.369,1086.71,1788.72,-16.9,1673.33,0.62
224.17,368.934,1089.8,1788.72,-16.8593,1668.09,0.63
228.194,374.49,1092.9,1788.72,-16.8186,1662.86,0.64
232.232,380.036,1096,1788.72,-16.7779,1657.64,0.65
236.283,385.572,1099.1,1788.72,-16.7372,1652.42,0.66
240.348,391.098,1102.19,1788.72,-16.6966,1647.2,0.67
244.425,396.615,1105.29,1788.72,-16.656,1641.99,0.68
248.516,402.122,1108.39,1788.72,-16.6154,1636.78,0.69
252.62,407.619,1111.48,1788.72,-16.5748,1631.57,0.7
256.736,413.106,1114.58,1788.72,-16.5343,1626.37,0.71
260.866,418.584,1117.68,1788.72,-16.4938,1621.18,0.72
265.008,424.052,1120.77,1788.72,-16.4533,1615.98,0.73
269.164,429.51,1123.87,1788.72,-16.4128,1610.79,0.74
273.332,434.959,1126.97,1788.72,-16.3724,1605.61,0.75
277.513,440.397,1130.07,1788.72,-16.332,1600.43,0.76
281.706,445.826,1133.16,1788.72,-16.2916,1595.25,0.77
285.913,451.246,1136.26,1788.72,-16.2513,1590.08,0.78
290.131,456.655,1139.36,1788.72,-16.2109,1584.91,0.79
294.363,462.055,1142.45,1788.72,-16.1707,1579.74,0.8
298.606,467.444,1145.55,1788.72,-16.1304,1574.58,0.81
302.863,472.824,1148.65,1788.72,-16.0902,1569.42,0.82
307.131,478.195,1151.74,1788.72,-16.05,1564.27,0.83
311.412,483.555,1154.84,1788.72,-16.0099,1559.12,0.84
315.705,488.906,1157.94,1788.72,-15.9698,1553.97,0.85
320.01,494.247,1161.04,1788.72,-15.9297,1548.83,0.86
324.328,499.578,1164.13,1788.72,-15.8896,1543.69,0.87
328.657,504.899,1167.23,1788.72,-15.8496,1538.56,0.88
332.999,510.21,1170.33,1788.72,-15.8096,1533.43,0.89
337.352,515.512,1173.42,1788.72,-15.7697,1528.3,0.9
341.718,520.803,1176.52,1788.72,-15.7298,1523.18,0.91
346.095,526.085,1179.62,1788.72,-15.69,1518.06,0.92
350.484,531.357,1182.71,1788.72,-15.6501,1512.95,0.93
354.885,536.62,1185.81,1788.72,-15.6104,1507.84,0.94
359.298,541.872,1188.91,1788.72,-15.5706,1502.73,0.95
363.722,547.115,1192.01,1788.72,-15.5309,1497.63,0.96
368.158,552.348,1195.1,1788.72,-15.4913,1492.53,0.97
372.606,557.57,1198.2,1788.72,-15.4517,1487.43,0.98
377.065,562.784,1201.3,1788.72,-15.4121,1482.34,0.99
381.535,567.987,1204.39,1788.72,-15.3726,1477.25,1
386.017,573.18,1207.49,1788.72,-15.3331,1472.17,1.01
390.51,578.364,1210.59,1788.72,-15.2936,1467.09,1.02
395.015,583.538,1213.68,1788.72,-15.2543,1462.02,1.03
399.531,588.702,1216.78,1788.72,-15.2149,1456.94,1.04
404.058,593.856,1219.88,1788.72,-15.1756,1451.88,1.05
408.596,599,1222.98,1788.72,-15.1363,1446.81,1.06
413.145,604.135,1226.07,1788.72,-15.0971,1441.75,1.07
417.706,609.259,1229.17,1788.72,-15.058,1436.7,1.08
422.277,614.374,1232.27,1788.72,-15.0189,1431.64,1.09
426.86,619.479,1235.36,1788.72,-14.9798,1426.6,1.1
431.453,624.574,1238.46,1788.72,-14.9408,1421.55,1.11
436.057,629.66,1241.56,1788.72,-14.9018,1416.51,1.12
440.672,634.735,1244.65,1788.72,-14.8629,1411.47,1.13
445.298,639.801,1247.75,1788.72,-14.824,1406.44,1.14
449.934,644.857,1250.85,1788.72,-14.7852,1401.41,1.15
454.581,649.903,1253.95,1788.72,-14.7465,1396.38,1.16
459.239,654.94,1257.04,1788.72,-14.7077,1391.36,1.17
463.908,659.966,1260.14,1788.72,-14.6691,1386.34,1.18
468.586,664.983,1263.24,1788.72,-14.6305,1381.33,1.19
473.276,669.99,1266.33,1788.72,-14.5919,1376.32,1.2
477.975,674.987,1269.43,1788.72,-14.5534,1371.31,1.21
482.686,679.975,1272.53,1788.72,-14.515,1366.31,1.22
487.406,684.952,1275.62,1788.72,-14.4766,1361.31,1.23
492.137,689.92,1278.72,1788.72,-14.4382,1356.32,1.24
496.878,694.878,1281.82,1788.72,-14.4,1351.33,1.25
501.629,699.826,1284.92,1788.72,-14.3617,1346.34,1.26
506.39,704.765,1288.01,1788.72,-14.3236,1341.35,1.27
511.162,709.694,1291.11,1788.72,-14.2854,1336.37,1.28
515.943,714.613,1294.21,1788.72,-14.2474,1331.4,1.29
520.735,719.522,1297.3,1788.72,-14.2094,1326.42,1.3
525.536,724.422,1300.4,1788.72,-14.1714,1321.46,1.31
530.347,729.312,1303.5,1788.72,-14.1335,1316.49,1.32
535.169,734.192,1306.59,1788.72,-14.0957,1311.53,1.33
540,739.062,1309.69,1788.72,-14.058,1306.57,1.34
544.84,743.923,1312.79,1788.72,-14.0202,1301.62,1.35
549.691,748.774,1315.89,1788.72,-13.9826,1296.67,1.36
554.551,753.615,1318.98,1788.72,-13.945,1291.72,1.37
559.421,758.447,1322.08,1788.72,-13.9075,1286.78,1.38
564.3,763.269,1325.18,1788.72,-13.87,1281.84,1.39
569.189,768.081,1328.27,1788.72,-13.8326,1276.9,1.4
574.088,772.884,1331.37,1788.72,-13.7952,1271.97,1.41
578.996,777.676,1334.47,1788.72,-13.758,1267.05,1.42
583.913,782.46,1337.56,1788.72,-13.7207,1262.12,1.43
588.84,787.233,1340.66,1788.72,-13.6836,1257.2,1.44
593.776,791.997,1343.76,1788.72,-13.6465,1252.28,1.45
598.721,796.752,1346.86,1788.72,-13.6094,1247.37,1.46
603.675,801.496,1349.95,1788.72,-13.5725,1242.46,1.47
608.639,806.231,1353.05,1788.72,-13.5355,1237.55,1.48
613.612,810.957,1356.15,1788.72,-13.4987,1232.65,1.49
618.594,815.673,1359.24,1788.72,-13.4619,1227.75,1.5
623.585,820.379,1362.34,1788.72,-13.4252,1222.86,1.51
628.585,825.076,1365.44,1788.72,-13.3885,1217.97,1.52
633.594,829.763,1368.53,1788.72,-13.352,1213.08,1.53
638.612,834.441,1371.63,1788.72,-13.3154,1208.2,1.54
643.639,839.109,1374.73,1788.72,-13.279,1203.32,1.55
648.675,843.767,1377.83,1788.72,-13.2426,1198.44,1.56
653.719,848.416,1380.92,1788.72,-13.2062,1193.57,1.57
658.772,853.055,1384.02,1788.72,-13.17,1188.7,1.58
663.834,857.685,1387.12,1788.72,-13.1338,1183.83,1.59
668.905,862.306,1390.21,1788.72,-13.0977,1178.97,1.6
673.984,866.917,1393.31,1788.72,-13.0616,1174.11,1.61
679.072,871.518,1396.41,1788.72,-13.0256,1169.25,1.62
684.169,876.11,1399.5,1788.72,-12.9897,1164.4,1.63
689.273,880.693,1402.6,1788.72,-12.9538,1159.55,1.64
694.387,885.266,1405.7,1788.72,-12.918,1154.71,1.65
699.509,889.829,1408.8,1788.72,-12.8823,1149.87,1.66
704.639,894.383,1411.89,1788.72,-12.8467,1145.03,1.67
709.778,898.928,1414.99,1788.72,-12.8111,1140.2,1.68
714.924,903.463,1418.09,1788.72,-12.7756,1135.37,1.69
720.08,907.989,1421.18,1788.72,-12.7401,1130.54,1.7
725.243,912.506,1424.28,1788.72,-12.7047,1125.72,1.71
730.415,917.013,1427.38,1788.72,-12.6694,1120.9,1.72
735.594,921.511,1430.47,1788.72,-12.6342,1116.08,1.73
740.782,925.999,1433.57,1788.72,-12.599,1111.27,1.74
745.978,930.478,1436.67,1788.72,-12.5639,1106.46,1.75
751.182,934.948,1439.77,1788.72,-12.5289,1101.65,1.76
756.394,939.408,1442.86,1788.72,-12.4939,1096.85,1.77
761.614,943.86,1445.96,1788.72,-12.4591,1092.05,1.78
766.842,948.301,1449.06,1788.72,-12.4242,1087.25,1.79
772.077,952.734,1452.15,1788.72,-12.3895,1082.46,1.8
777.321,957.157,1455.25,1788.72,-12.3548,1077.67,1.81
782.572,961.571,1458.35,1788.72,-12.3202,1072.89,1.82
787.831,965.976,1461.44,1788.72,-12.2857,1068.11,1.83
793.098,970.371,1464.54,1788.72,-12.2512,1063.33,1.84
798.372,974.758,1467.64,1788.72,-12.2169,1058.55,1.85
803.655,979.135,1470.74,1788.72,-12.1825,1053.78,1.86
808.944,983.503,1473.83,1788.72,-12.1483,1049.01,1.87
814.242,987.861,1476.93,1788.72,-12.1141,1044.25,1.88
819.546,992.211,1480.03,1788.72,-12.08,1039.49,1.89
824.859,996.551,1483.12,1788.72,-12.046,1034.73,1.9
830.179,1000.88,1486.22,1788.72,-12.0121,1029.97,1.91
835.506,1005.2,1489.32,1788.72,-11.9782,1025.22,1.92
840.84,1009.52,1492.41,1788.72,-11.9444,1020.47,1.93
846.182,1013.82,1495.51,1788.72,-11.9106,1015.73,1.94
851.532,1018.12,1498.61,1788.72,-11.877,1010.99,1.95
856.888,1022.4,1501.71,1788.72,-11.8434,1006.25,1.96
862.252,1026.68,1504.8,1788.72,-11.8099,1001.52,1.97
867.623,1030.95,1507.9,1788.72,-11.7764,996.785,1.98
873.001,1035.2,1511,1788.72,-11.7431,992.057,1.99
878.386,1039.45,1514.09,1788.72,-11.7098,987.333,2
883.779,1043.69,1517.19,1788.72,-11.6766,982.611,2.01
889.178,1047.93,1520.29,1788.72,-11.6434,977.893,2.02
894.585,1052.15,1523.38,1788.72,-11.6104,973.179,2.03
899.998,1056.36,1526.48,1788.72,-11.5774,968.467,2.04
905.419,1060.57,1529.58,1788.72,-11.5445,963.759,2.05
910.846,1064.76,1532.68,1788.72,-11.5116,959.054,2.06
916.281,1068.95,1535.77,1788.72,-11.4788,954.353,2.07
921.722,1073.13,1538.87,1788.72,-11.4462,949.654,2.08
927.17,1077.29,1541.97,1788.72,-11.4135,944.959,2.09
932.624,1081.45,1545.06,1788.72,-11.381,940.267,2.1
938.086,1085.61,1548.16,1788.72,-11.3485,935.579,2.11
943.554,1089.75,1551.26,1788.72,-11.3161,930.893,2.12
949.029,1093.88,1554.35,1788.72,-11.2838,926.211,2.13
954.511,1098.01,1557.45,1788.72,-11.2516,921.532,2.14
959.999,1102.12,1560.55,1788.72,-11.2194,916.856,2.15
965.494,1106.23,1563.65,1788.72,-11.1873,912.183,2.16
970.995,1110.33,1566.74,1788.72,-11.1553,907.514,2.17
976.503,1114.42,1569.84,1788.72,-11.1233,902.848,2.18
982.017,1118.5,1572.94,1788.72,-11.0915,898.184,2.19
987.538,1122.57,1576.03,1788.72,-11.0597,893.525,2.2
993.065,1126.63,1579.13,1788.72,-11.028,888.868,2.21
998.599,1130.69,1582.23,1788.72,-10.9963,884.214,2.22
1004.14,1134.73,1585.32,1788.72,-10.9648,879.564,2.23
1009.69,1138.77,1588.42,1788.72,-10.9333,874.916,2.24
1015.24,1142.8,1591.52,1788.72,-10.9019,870.272,2.25
1020.8,1146.82,1594.62,1788.72,-10.8705,865.631,2.26
1026.36,1150.83,1597.71,1788.72,-10.8393,860.993,2.27
1031.93,1154.83,1600.81,1788.72,-10.8081,856.358,2.28
1037.51,1158.82,1603.91,1788.72,-10.777,851.726,2.29
1043.09,1162.81,1607,1788.72,-10.7459,847.097,2.3
1048.68,1166.79,1610.1,1788.72,-10.715,842.472,2.31
1054.28,1170.75,1613.2,1788.72,-10.6841,837.849,2.32
1059.88,1174.71,1616.29,1788.72,-10.6533,833.229,2.33
1065.49,1178.67,1619.39,1788.72,-10.6226,828.613,2.34
1071.1,1182.61,1622.49,1788.72,-10.5919,823.999,2.35
1076.72,1186.54,1625.59,1788.72,-10.5613,819.389,2.36
1082.35,1190.47,1628.68,1788.72,-10.5308,814.782,2.37
1087.98,1194.38,1631.78,1788.72,-10.5004,810.177,2.38
1093.62,1198.29,1634.88,1788.72,-10.4701,805.576,2.39
1099.26,1202.19,1637.97,1788.72,-10.4398,800.978,2.4
1104.91,1206.08,1641.07,1788.72,-10.4096,796.382,2.41
1110.57,1209.97,1644.17,1788.72,-10.3795,791.79,2.42
1116.23,1213.84,1647.26,1788.72,-10.3495,787.201,2.43
1121.89,1217.71,1650.36,1788.72,-10.3195,782.614,2.44
1127.57,1221.57,1653.46,1788.72,-10.2896,778.031,2.45
1133.24,1225.42,1656.56,1788.72,-10.2598,773.45,2.46
1138.93,1229.26,1659.65,1788.72,-10.23,768.873,2.47
1144.62,1233.09,1662.75,1788.72,-10.2004,764.298,2.48
1150.31,1236.92,1665.85,1788.72,-10.1708,759.727,2.49
1156.01,1240.73,1668.94,1788.72,-10.1413,755.158,2.5
1161.72,1244.54,1672.04,1788.72,-10.1119,750.592,2.51
1167.43,1248.34,1675.14,1788.72,-10.0825,746.029,2.52
1173.15,1252.14,1678.23,1788.72,-10.0532,741.469,2.53
1178.87,1255.92,1681.33,1788.72,-10.024,736.912,2.54
1184.59,1259.69,1684.43,1788.72,-9.99488,732.358,2.55
1190.33,1263.46,1687.53,1788.72,-9.96582,727.807,2.56
1196.07,1267.22,1690.62,1788.72,-9.93685,723.259,2.57
1201.81,1270.97,1693.72,1788.72,-9.90795,718.713,2.58
1207.56,1274.71,1696.82,1788.72,-9.87912,714.171,2.59
1213.31,1278.45,1699.91,1788.72,-9.85037,709.631,2.6
1219.07,1282.18,1703.01,1788.72,-9.8217,705.094,2.61
1224.84,1285.89,1706.11,1788.72,-9.7931,700.56,2.62
1230.61,1289.61,1709.2,1788.72,-9.76457,696.028,2.63
1236.38,1293.31,1712.3,1788.72,-9.73613,691.5,2.64
1242.16,1297,1715.4,1788.72,-9.70776,686.974,2.65
1247.95,1300.69,1718.5,1788.72,-9.67946,682.452,2.66
1253.74,1304.37,1721.59,1788.72,-9.65124,677.931,2.67
1259.53,1308.04,1724.69,1788.72,-9.6231,673.414,2.68
1265.33,1311.7,1727.79,1788.72,-9.59503,668.9,2.69
1271.14,1315.35,1730.88,1788.72,-9.56703,664.388,2.7
1276.95,1319,1733.98,1788.72,-9.53911,659.879,2.71
1282.77,1322.64,1737.08,1788.72,-9.51127,655.373,2.72
1288.59,1326.27,1740.17,1788.72,-9.4835,650.87,2.73
1294.41,1329.89,1743.27,1788.72,-9.45581,646.369,2.74
1300.24,1333.51,1746.37,1788.72,-9.42819,641.871,2.75
1306.08,1337.12,1749.47,1788.72,-9.40065,637.376,2.76
1311.92,1340.71,1752.56,1788.72,-9.37318,632.883,2.77
1317.76,1344.31,1755.66,1788.72,-9.34579,628.394,2.78
1323.61,1347.89,1758.76,1788.72,-9.31847,623.907,2.79
1329.46,1351.47,1761.85,1788.72,-9.29123,619.422,2.8
1335.32,1355.03,1764.95,1788.72,-9.26406,614.941,2.81
1341.19,1358.59,1768.05,1788.72,-9.23696,610.462,2.82
1347.06,1362.15,1771.14,1788.72,-9.20995,605.985,2.83
1352.93,1365.69,1774.24,1788.72,-9.183,601.512,2.84
1358.81,1369.23,1777.34,1788.72,-9.15613,597.041,2.85
1364.69,1372.76,1780.44,1788.72,-9.12933,592.573,2.86
1370.58,1376.28,1783.53,1788.72,-9.10261,588.107,2.87
1376.47,1379.79,1786.63,1788.72,-9.07596,583.644,2.88
1382.36,1383.3,1789.73,1788.72,-9.04939,579.184,2.89
1388.26,1386.8,1792.82,1788.72,-9.02289,574.726,2.9
1394.17,1390.29,1795.92,1788.72,-8.99646,570.271,2.91
1400.08,1393.77,1799.02,1788.72,-8.97011,565.818,2.92
1405.99,1397.25,1802.11,1788.72,-8.94383,561.368,2.93
1411.91,1400.72,1805.21,1788.72,-8.91763,556.921,2.94
1417.83,1404.18,1808.31,1788.72,-8.8915,552.476,2.95
1423.76,1407.63,1811.41,1788.72,-8.86544,548.034,2.96
1429.69,1411.08,1814.5,1788.72,-8.83946,543.594,2.97
1435.63,1414.52,1817.6,1788.72,-8.81355,539.157,2.98
1441.57,1417.95,1820.7,1788.72,-8.78771,534.723,2.99
1447.51,1421.37,1823.79,1788.72,-8.76194,530.291,3
1453.46,1424.79,1826.89,1788.72,-8.73625,525.861,3.01
1459.42,1428.2,1829.99,1788.72,-8.71063,521.435,3.02
1465.37,1431.6,1833.08,1788.72,-8.68509,517.01,3.03
1471.34,1434.99,1836.18,1788.72,-8.65961,512.588,3.04
1477.3,1438.38,1839.28,1788.72,-8.63421,508.169,3.05
1483.27,1441.76,1842.38,1788.72,-8.60888,503.752,3.06
1489.25,1445.13,1845.47,1788.72,-8.58363,499.338,3.07
1495.22,1448.49,1848.57,1788.72,-8.55845,494.926,3.08
1501.21,1451.85,1851.67,1788.72,-8.53333,490.517,3.09
1507.19,1455.2,1854.76,1788.72,-8.5083,486.11,3.1
1513.18,1458.54,1857.86,1788.72,-8.48333,481.706,3.11
1519.18,1461.88,1860.96,1788.72,-8.45843,477.304,3.12
1525.18,1465.21,1864.05,1788.72,-8.43361,472.904,3.13
1531.18,1468.53,1867.15,1788.72,-8.40886,468.507,3.14
1537.19,1471.84,1870.25,1788.72,-8.38418,464.112,3.15
1543.2,1475.15,1873.35,1788.72,-8.35957,459.72,3.16
1549.21,1478.45,1876.44,1788.72,-8.33503,455.331,3.17
1555.23,1481.74,1879.54,1788.72,-8.31056,450.943,3.18
1561.25,1485.02,1882.64,1788.72,-8.28617,446.558,3.19
1567.28,1488.3,1885.73,1788.72,-8.26184,442.176,3.2
1573.31,1491.57,1888.83,1788.72,-8.23759,437.795,3.21
1579.34,1494.84,1891.93,1788.72,-8.21341,433.418,3.22
1585.38,1498.09,1895.02,1788.72,-8.1893,429.042,3.23
1591.42,1501.34,1898.12,1788.72,-8.16525,424.669,3.24
1597.47,1504.59,1901.22,1788.72,-8.14128,420.299,3.25
1603.52,1507.82,1904.32,1788.72,-8.11738,415.93,3.26
1609.57,1511.05,1907.41,1788.72,-8.09355,411.564,3.27
1615.63,1514.27,1910.51,1788.72,-8.06979,407.201,3.28
1621.69,1517.48,1913.61,1788.72,-8.0461,402.839,3.29
1627.75,1520.69,1916.7,1788.72,-8.02248,398.481,3.3
1633.82,1523.89,1919.8,1788.72,-7.99893,394.124,3.31
1639.89,1527.09,1922.9,1788.72,-7.97544,389.77,3.32
1645.96,1530.27,1925.99,1788.72,-7.95203,385.418,3.33
1652.04,1533.45,1929.09,1788.72,-7.92869,381.068,3.34
1658.13,1536.62,1932.19,1788.72,-7.90541,376.72,3.35
1664.21,1539.79,1935.29,1788.72,-7.88221,372.375,3.36
1670.3,1542.95,1938.38,1788.72,-7.85907,368.032,3.37
1676.39,1546.1,1941.48,1788.72,-7.836,363.692,3.38
1682.49,1549.25,1944.58,1788.72,-7.813,359.353,3.39
1688.59,1552.39,1947.67,1788.72,-7.79007,355.017,3.4
1694.69,1555.52,1950.77,1788.72,-7.76721,350.683,3.41
1700.8,1558.64,1953.87,1788.72,-7.74442,346.352,3.42
1706.91,1561.76,1956.96,1788.72,-7.72169,342.022,3.43
1713.02,1564.87,1960.06,1788.72,-7.69903,337.695,3.44
1719.14,1567.98,1963.16,1788.72,-7.67644,333.37,3.45
1725.26,1571.08,1966.26,1788.72,-7.65392,329.048,3.46
1731.39,1574.17,1969.35,1788.72,-7.63147,324.727,3.47
1737.51,1577.25,1972.45,1788.72,-7.60908,320.409,3.48
1743.64,1580.33,1975.55,1788.72,-7.58676,316.093,3.49
1749.78,1583.4,1978.64,1788.72,-7.5645,311.779,3.5
1755.91,1586.47,1981.74,1788.72,-7.54232,307.467,3.51
1762.06,1589.52,1984.84,1788.72,-7.5202,303.157,3.52
1768.2,1592.58,1987.93,1788.72,-7.49815,298.85,3.53
1774.35,1595.62,1991.03,1788.72,-7.47616,294.545,3.54
1780.5,1598.66,1994.13,1788.72,-7.45424,290.242,3.55
1786.65,1601.69,1997.23,1788.72,-7.43239,285.941,3.56
1792.81,1604.72,2000.32,1788.72,-7.4106,281.642,3.57
1798.97,1607.73,2003.42,1788.72,-7.38888,277.345,3.58
1805.13,1610.75,2006.52,1788.72,-7.36722,273.051,3.59
1811.3,1613.75,2009.61,1788.72,-7.34563,268.758,3.6
1817.47,1616.75,2012.71,1788.72,-7.32411,264.468,3.61
1823.64,1619.75,2015.81,1788.72,-7.30265,260.179,3.62
1829.82,1622.73,2018.9,1788.72,-7.28126,255.893,3.63
1835.99,1625.71,2022,1788.72,-7.25993,251.609,3.64
1842.18,1628.69,2025.1,1788.72,-7.23867,247.327,3.65
1848.36,1631.65,2028.2,1788.72,-7.21747,243.047,3.66
1854.55,1634.61,2031.29,1788.72,-7.19634,238.77,3.67
1860.74,1637.57,2034.39,1788.72,-7.17527,234.494,3.68
1866.93,1640.52,2037.49,1788.72,-7.15426,230.22,3.69
1873.13,1643.46,2040.58,1788.72,-7.13332,225.948,3.7
1879.33,1646.39,2043.68,1788.72,-7.11245,221.679,3.71
1885.54,1649.32,2046.78,1788.72,-7.09164,217.411,3.72
1891.74,1652.25,2049.87,1788.72,-7.07089,213.146,3.73
1897.95,1655.16,2052.97,1788.72,-7.0502,208.882,3.74
1904.16,1658.07,2056.07,1788.72,-7.02958,204.62,3.75
1910.38,1660.98,2059.17,1788.72,-7.00903,200.361,3.76
1916.6,1663.87,2062.26,1788.72,-6.98853,196.103,3.77
1922.82,1666.77,2065.36,1788.72,-6.9681,191.848,3.78
1929.04,1669.65,2068.46,1788.72,-6.94773,187.594,3.79
1935.27,1672.53,2071.55,1788.72,-6.92743,183.343,3.8
1941.5,1675.4,2074.65,1788.72,-6.90719,179.093,3.81
1947.73,1678.27,2077.75,1788.72,-6.88701,174.846,3.82
1953.96,1681.13,2080.84,1788.72,-6.86689,170.6,3.83
1960.2,1683.99,2083.94,1788.72,-6.84683,166.356,3.84
1966.44,1686.84,2087.04,1788.72,-6.82684,162.115,3.85
1972.68,1689.68,2090.14,1788.72,-6.80691,157.875,3.86
1978.93,1692.51,2093.23,1788.72,-6.78704,153.637,3.87
1985.18,1695.34,2096.33,1788.72,-6.76723,149.401,3.88
1991.43,1698.17,2099.43,1788.72,-6.74749,145.167,3.89
1997.69,1700.99,2102.52,1788.72,-6.7278,140.935,3.9
2003.94,1703.8,2105.62,1788.72,-6.70818,136.705,3.91
2010.2,1706.61,2108.72,1788.72,-6.68861,132.477,3.92
2016.46,1709.41,2111.81,1788.72,-6.66911,128.25,3.93
2022.73,1712.2,2114.91,1788.72,-6.64967,124.026,3.94
2029,1714.99,2118.01,1788.72,-6.63029,119.803,3.95
2035.27,1717.77,2121.11,1788.72,-6.61097,115.583,3.96
2041.54,1720.55,2124.2,1788.72,-6.59171,111.364,3.97
2047.82,1723.32,2127.3,1788.72,-6.57251,107.147,3.98
2054.09,1726.08,2130.4,1788.72,-6.55337,102.932,3.99
2060.38,1728.84,2133.49,1788.72,-6.53429,98.7189,4
2066.66,1731.6,2136.59,1788.72,-6.51527,94.5076,4.01
2072.94,1734.34,2139.69,1788.72,-6.49631,90.2982,4.02
2079.23,1737.08,2142.78,1788.72,-6.47741,86.0907,4.03
2085.52,1739.82,2145.88,1788.72,-6.45857,81.885,4.04
2091.82,1742.55,2148.98,1788.72,-6.43978,77.6811,4.05
2098.11,1745.27,2152.08,1788.72,-6.42106,73.4792,4.06
2104.41,1747.99,2155.17,1788.72,-6.40239,69.2791,4.07
2110.71,1750.7,2158.27,1788.72,-6.38379,65.0808,4.08
2117.02,1753.41,2161.37,1788.72,-6.36524,60.8844,4.09
2123.32,1756.11,2164.46,1788.72,-6.34675,56.6899,4.1
2129.63,1758.81,2167.56,1788.72,-6.32831,52.4973,4.11
2135.94,1761.5,2170.66,1788.72,-6.30994,48.3066,4.12
2142.25,1764.18,2173.75,1788.72,-6.29162,44.1178,4.13
2148.57,1766.86,2176.85,1788.72,-6.27337,39.9311,4.14
2154.89,1769.53,2179.95,1788.72,-6.25516,35.7463,4.15
2161.21,1772.2,2183.05,1788.72,-6.23702,31.5638,4.16
2167.53,1774.86,2186.14,1788.72,-6.21893,27.3837,4.17
2173.86,1777.51,2189.24,1788.72,-6.2009,23.2062,4.18
2180.18,1780.16,2192.34,1788.72,-6.18293,19.032,4.19
2186.51,1782.81,2195.43,1788.72,-6.16502,14.8625,4.2
2192.85,1785.45,2198.53,1788.72,-6.14716,10.701,4.21
2199.18,1788.08,2201.63,1788.72,-6.12935,6.55944,4.22
2205.52,1790.71,2204.72,1788.72,-6.11161,2.52911,4.23
2211.86,1793.33,2207.82,1788.72,-6.09392,2.13977,4.24
