Missile X, Missile Y, Target X, Target Y, Beta, Separation, Time 
0,0,894.693,1788.72,2000,0
2.68408,5.36616,897.693,1788.72,1996.37,0.01
5.37837,10.7272,900.693,1788.72,1992.76,0.02
8.08287,16.0831,903.693,1788.72,1989.15,0.03
10.7976,21.4338,906.693,1788.72,1985.55,0.04
13.5225,26.7794,909.693,1788.72,1981.96,0.05
16.2576,32.1197,912.693,1788.72,1978.38,0.06
19.0028,37.4549,915.693,1788.72,1974.8,0.07
21.7583,42.7847,918.693,1788.72,1971.24,0.08
24.5239,48.1093,921.693,1788.72,1967.68,0.09
27.2998,53.4286,924.693,1788.72,1964.13,0.1
30.0857,58.7426,927.693,1788.72,1960.59,0.11
32.8819,64.0512,930.693,1788.72,1957.06,0.12
35.6882,69.3545,933.693,1788.72,1953.53,0.13
38.5046,74.6524,936.693,1788.72,1950.02,0.14
41.3312,79.9449,939.693,1788.72,1946.51,0.15
44.1679,85.2319,942.693,1788.72,1943.01,0.16
47.0148,90.5135,945.693,1788.72,1939.52,0.17
49.8718,95.7897,948.693,1788.72,1936.04,0.18
52.7389,101.06,951.693,1788.72,1932.57,0.19
55.6161,106.325,954.693,1788.72,1929.1,0.2
58.5034,111.585,957.693,1788.72,1925.65,0.21
61.4008,116.839,960.693,1788.72,1922.2,0.22
64.3083,122.088,963.693,1788.72,1918.76,0.23
67.2259,127.33,966.693,1788.72,1915.33,0.24
70.1536,132.568,969.693,1788.72,1911.9,0.25
73.0913,137.799,972.693,1788.72,1908.49,0.26
76.0392,143.025,975.693,1788.72,1905.08,0.27
78.997,148.245,978.693,1788.72,1901.68,0.28
81.9649,153.46,981.693,1788.72,1898.29,0.29
84.9429,158.669,984.693,1788.72,1894.91,0.3
87.9309,163.872,987.693,1788.72,1891.53,0.31
90.9289,169.069,990.693,1788.72,1888.17,0.32
93.937,174.261,993.693,1788.72,1884.81,0.33
96.955,179.446,996.693,1788.72,1881.46,0.34
99.9831,184.626,999.693,1788.72,1878.11,0.35
103.021,189.8,1002.69,1788.72,1874.78,0.36
106.069,194.968,1005.69,1788.72,1871.45,0.37
109.127,200.131,1008.69,1788.72,1868.14,0.38
112.195,205.287,1011.69,1788.72,1864.83,0.39
115.273,210.437,1014.69,1788.72,1861.53,0.4
118.361,215.582,1017.69,1788.72,1858.23,0.41
121.459,220.72,1020.69,1788.72,1854.95,0.42
124.567,225.852,1023.69,1788.72,1851.67,0.43
127.684,230.979,1026.69,1788.72,1848.4,0.44
130.812,236.099,1029.69,1788.72,1845.14,0.45
133.95,241.213,1032.69,1788.72,1841.88,0.46
137.097,246.322,1035.69,1788.72,1838.64,0.47
140.254,251.424,1038.69,1788.72,1835.4,0.48
143.422,256.52,1041.69,1788.72,1832.17,0.49
146.599,261.609,1044.69,1788.72,1828.95,0.5
149.786,266.693,1047.69,1788.72,1825.73,0.51
152.982,271.771,1050.69,1788.72,1822.53,0.52
156.189,276.842,1053.69,1788.72,1819.33,0.53
159.406,281.907,1056.69,1788.72,1816.14,0.54
162.632,286.965,1059.69,1788.72,1812.95,0.55
165.868,292.018,1062.69,1788.72,1809.78,0.56
169.114,297.064,1065.69,1788.72,1806.61,0.57
172.37,302.104,1068.69,1788.72,1803.45,0.58
175.635,307.138,1071.69,1788.72,1800.3,0.59
178.91,312.165,1074.69,1788.72,1797.16,0.6
182.195,317.186,1077.69,1788.72,1794.02,0.61
185.49,322.2,1080.69,1788.72,1790.89,0.62
188.795,327.208,1083.69,1788.72,1787.77,0.63
192.109,332.21,1086.69,1788.72,1784.66,0.64
195.433,337.205,1089.69,1788.72,1781.55,0.65
198.767,342.193,1092.69,1788.72,1778.45,0.66
202.11,347.175,1095.69,1788.72,1775.36,0.67
205.463,352.151,1098.69,1788.72,1772.28,0.68
208.826,357.12,1101.69,1788.72,1769.21,0.69
212.198,362.083,1104.69,1788.72,1766.14,0.7
215.58,367.039,1107.69,1788.72,1763.08,0.71
218.972,371.988,1110.69,1788.72,1760.03,0.72
222.373,376.931,1113.69,1788.72,1756.98,0.73
225.784,381.867,1116.69,1788.72,1753.94,0.74
229.205,386.797,1119.69,1788.72,1750.92,0.75
232.635,391.719,1122.69,1788.72,1747.89,0.76
236.074,396.636,1125.69,1788.72,1744.88,0.77
239.524,401.545,1128.69,1788.72,1741.87,0.78
242.982,406.448,1131.69,1788.72,1738.87,0.79
246.451,411.344,1134.69,1788.72,1735.88,0.8
249.929,416.233,1137.69,1788.72,1732.9,0.81
253.416,421.115,1140.69,1788.72,1729.92,0.82
256.913,425.991,1143.69,1788.72,1726.95,0.83
260.419,430.86,1146.69,1788.72,1723.99,0.84
263.935,435.722,1149.69,1788.72,1721.03,0.85
267.46,440.577,1152.69,1788.72,1718.08,0.86
270.995,445.425,1155.69,1788.72,1715.14,0.87
274.539,450.267,1158.69,1788.72,1712.21,0.88
278.093,455.101,1161.69,1788.72,1709.28,0.89
281.656,459.929,1164.69,1788.72,1706.37,0.9
285.229,464.749,1167.69,1788.72,1703.45,0.91
288.81,469.563,1170.69,1788.72,1700.55,0.92
292.402,474.369,1173.69,1788.72,1697.65,0.93
296.002,479.169,1176.69,1788.72,1694.76,0.94
299.612,483.961,1179.69,1788.72,1691.88,0.95
303.231,488.747,1182.69,1788.72,1689.01,0.96
306.86,493.525,1185.69,1788.72,1686.14,0.97
310.497,498.297,1188.69,1788.72,1683.28,0.98
314.145,503.061,1191.69,1788.72,1680.42,0.99
317.801,507.818,1194.69,1788.72,1677.58,1
321.467,512.568,1197.69,1788.72,1674.74,1.01
325.141,517.311,1200.69,1788.72,1671.91,1.02
328.826,522.047,1203.69,1788.72,1669.08,1.03
332.519,526.776,1206.69,1788.72,1666.26,1.04
336.221,531.497,1209.69,1788.72,1663.45,1.05
339.933,536.211,1212.69,1788.72,1660.65,1.06
343.654,540.918,1215.69,1788.72,1657.85,1.07
347.384,545.618,1218.69,1788.72,1655.06,1.08
351.123,550.31,1221.69,1788.72,1652.28,1.09
354.871,554.995,1224.69,1788.72,1649.5,1.1
358.629,559.673,1227.69,1788.72,1646.73,1.11
362.395,564.344,1230.69,1788.72,1643.97,1.12
366.171,569.007,1233.69,1788.72,1641.22,1.13
369.955,573.663,1236.69,1788.72,1638.47,1.14
373.749,578.311,1239.69,1788.72,1635.73,1.15
377.552,582.952,1242.69,1788.72,1632.99,1.16
381.363,587.586,1245.69,1788.72,1630.27,1.17
385.184,592.212,1248.69,1788.72,1627.54,1.18
389.013,596.831,1251.69,1788.72,1624.83,1.19
392.852,601.443,1254.69,1788.72,1622.12,1.2
396.7,606.047,1257.69,1788.72,1619.42,1.21
400.556,610.643,1260.69,1788.72,1616.73,1.22
404.422,615.232,1263.69,1788.72,1614.04,1.23
408.296,619.814,1266.69,1788.72,1611.36,1.24
412.179,624.387,1269.69,1788.72,1608.69,1.25
416.071,628.954,1272.69,1788.72,1606.02,1.26
419.972,633.513,1275.69,1788.72,1603.36,1.27
423.882,638.064,1278.69,1788.72,1600.71,1.28
427.8,642.608,1281.69,1788.72,1598.06,1.29
431.728,647.144,1284.69,1788.72,1595.42,1.3
435.664,651.672,1287.69,1788.72,1592.79,1.31
439.609,656.193,1290.69,1788.72,1590.16,1.32
443.562,660.706,1293.69,1788.72,1587.54,1.33
447.524,665.212,1296.69,1788.72,1584.93,1.34
451.496,669.71,1299.69,1788.72,1582.32,1.35
455.475,674.2,1302.69,1788.72,1579.72,1.36
459.464,678.682,1305.69,1788.72,1577.13,1.37
463.461,683.157,1308.69,1788.72,1574.54,1.38
467.467,687.624,1311.69,1788.72,1571.96,1.39
471.481,692.083,1314.69,1788.72,1569.38,1.4
475.504,696.535,1317.69,1788.72,1566.82,1.41
479.535,700.979,1320.69,1788.72,1564.25,1.42
483.575,705.414,1323.69,1788.72,1561.7,1.43
487.624,709.843,1326.69,1788.72,1559.15,1.44
491.681,714.263,1329.69,1788.72,1556.61,1.45
495.747,718.675,1332.69,1788.72,1554.07,1.46
499.821,723.08,1335.69,1788.72,1551.54,1.47
503.904,727.477,1338.69,1788.72,1549.02,1.48
507.995,731.866,1341.69,1788.72,1546.5,1.49
512.095,736.247,1344.69,1788.72,1543.99,1.5
516.203,740.62,1347.69,1788.72,1541.49,1.51
520.319,744.985,1350.69,1788.72,1538.99,1.52
524.444,749.342,1353.69,1788.72,1536.5,1.53
528.577,753.692,1356.69,1788.72,1534.01,1.54
532.719,758.033,1359.69,1788.72,1531.53,1.55
536.868,762.367,1362.69,1788.72,1529.06,1.56
541.026,766.692,1365.69,1788.72,1526.59,1.57
545.193,771.01,1368.69,1788.72,1524.13,1.58
549.368,775.319,1371.69,1788.72,1521.67,1.59
553.551,779.621,1374.69,1788.72,1519.22,1.6
557.742,783.914,1377.69,1788.72,1516.78,1.61
561.941,788.2,1380.69,1788.72,1514.34,1.62
566.149,792.477,1383.69,1788.72,1511.91,1.63
570.365,796.746,1386.69,1788.72,1509.49,1.64
574.589,801.008,1389.69,1788.72,1507.07,1.65
578.821,805.261,1392.69,1788.72,1504.66,1.66
583.061,809.506,1395.69,1788.72,1502.25,1.67
587.309,813.743,1398.69,1788.72,1499.85,1.68
591.565,817.972,1401.69,1788.72,1497.46,1.69
595.83,822.192,1404.69,1788.72,1495.07,1.7
600.102,826.405,1407.69,1788.72,1492.68,1.71
604.383,830.61,1410.69,1788.72,1490.31,1.72
608.671,834.806,1413.69,1788.72,1487.94,1.73
612.968,838.994,1416.69,1788.72,1485.57,1.74
617.272,843.174,1419.69,1788.72,1483.21,1.75
621.584,847.346,1422.69,1788.72,1480.86,1.76
625.905,851.509,1425.69,1788.72,1478.51,1.77
630.233,855.665,1428.69,1788.72,1476.17,1.78
634.569,859.812,1431.69,1788.72,1473.83,1.79
638.913,863.951,1434.69,1788.72,1471.5,1.8
643.264,868.081,1437.69,1788.72,1469.18,1.81
647.624,872.204,1440.69,1788.72,1466.86,1.82
651.991,876.318,1443.69,1788.72,1464.55,1.83
656.366,880.424,1446.69,1788.72,1462.24,1.84
660.749,884.522,1449.69,1788.72,1459.94,1.85
665.14,888.611,1452.69,1788.72,1457.64,1.86
669.538,892.692,1455.69,1788.72,1455.35,1.87
673.944,896.765,1458.69,1788.72,1453.07,1.88
678.358,900.829,1461.69,1788.72,1450.79,1.89
682.779,904.885,1464.69,1788.72,1448.51,1.9
687.208,908.933,1467.69,1788.72,1446.25,1.91
691.645,912.972,1470.69,1788.72,1443.98,1.92
696.089,917.003,1473.69,1788.72,1441.73,1.93
700.541,921.026,1476.69,1788.72,1439.48,1.94
705,925.04,1479.69,1788.72,1437.23,1.95
709.467,929.046,1482.69,1788.72,1434.99,1.96
713.941,933.044,1485.69,1788.72,1432.75,1.97
718.423,937.033,1488.69,1788.72,1430.52,1.98
722.912,941.014,1491.69,1788.72,1428.3,1.99
727.409,944.986,1494.69,1788.72,1426.08,2
731.913,948.95,1497.69,1788.72,1423.87,2.01
736.424,952.906,1500.69,1788.72,1421.66,2.02
740.943,956.853,1503.69,1788.72,1419.46,2.03
745.469,960.792,1506.69,1788.72,1417.26,2.04
750.003,964.722,1509.69,1788.72,1415.07,2.05
754.544,968.644,1512.69,1788.72,1412.88,2.06
759.092,972.557,1515.69,1788.72,1410.7,2.07
763.648,976.462,1518.69,1788.72,1408.52,2.08
768.21,980.358,1521.69,1788.72,1406.35,2.09
772.78,984.246,1524.69,1788.72,1404.19,2.1
777.357,988.126,1527.69,1788.72,1402.03,2.11
781.942,991.997,1530.69,1788.72,1399.87,2.12
786.533,995.859,1533.69,1788.72,1397.72,2.13
791.132,999.713,1536.69,1788.72,1395.58,2.14
795.737,1003.56,1539.69,1788.72,1393.44,2.15
800.35,1007.4,1542.69,1788.72,1391.3,2.16
804.97,1011.22,1545.69,1788.72,1389.17,2.17
809.597,1015.04,1548.69,1788.72,1387.05,2.18
814.231,1018.85,1551.69,1788.72,1384.93,2.19
818.872,1022.66,1554.69,1788.72,1382.81,2.2
823.52,1026.45,1557.69,1788.72,1380.7,2.21
828.175,1030.24,1560.69,1788.72,1378.6,2.22
832.837,1034.01,1563.69,1788.72,1376.5,2.23
837.505,1037.78,1566.69,1788.72,1374.41,2.24
842.181,1041.54,1569.69,1788.72,1372.32,2.25
846.864,1045.29,1572.69,1788.72,1370.23,2.26
851.553,1049.04,1575.69,1788.72,1368.15,2.27
856.249,1052.77,1578.69,1788.72,1366.08,2.28
860.952,1056.5,1581.69,1788.72,1364.01,2.29
865.662,1060.22,1584.69,1788.72,1361.94,2.3
870.379,1063.92,1587.69,1788.72,1359.88,2.31
875.102,1067.62,1590.69,1788.72,1357.83,2.32
879.832,1071.32,1593.69,1788.72,1355.78,2.33
884.569,1075,1596.69,1788.72,1353.73,2.34
889.313,1078.67,1599.69,1788.72,1351.69,2.35
894.063,1082.34,1602.69,1788.72,1349.65,2.36
898.819,1085.99,1605.69,1788.72,1347.62,2.37
903.583,1089.64,1608.69,1788.72,1345.6,2.38
908.353,1093.28,1611.69,1788.72,1343.57,2.39
913.129,1096.91,1614.69,1788.72,1341.56,2.4
917.912,1100.54,1617.69,1788.72,1339.54,2.41
922.702,1104.15,1620.69,1788.72,1337.54,2.42
927.498,1107.76,1623.69,1788.72,1335.53,2.43
932.301,1111.35,1626.69,1788.72,1333.53,2.44
937.11,1114.94,1629.69,1788.72,1331.54,2.45
941.925,1118.52,1632.69,1788.72,1329.55,2.46
946.747,1122.09,1635.69,1788.72,1327.57,2.47
951.575,1125.65,1638.69,1788.72,1325.59,2.48
956.41,1129.21,1641.69,1788.72,1323.61,2.49
961.251,1132.75,1644.69,1788.72,1321.64,2.5
966.098,1136.29,1647.69,1788.72,1319.67,2.51
970.951,1139.81,1650.69,1788.72,1317.71,2.52
975.811,1143.33,1653.69,1788.72,1315.75,2.53
980.677,1146.84,1656.69,1788.72,1313.8,2.54
985.55,1150.34,1659.69,1788.72,1311.85,2.55
990.428,1153.84,1662.69,1788.72,1309.9,2.56
995.313,1157.32,1665.69,1788.72,1307.96,2.57
1000.2,1160.8,1668.69,1788.72,1306.03,2.58
1005.1,1164.26,1671.69,1788.72,1304.1,2.59
1010,1167.72,1674.69,1788.72,1302.17,2.6
1014.91,1171.17,1677.69,1788.72,1300.25,2.61
1019.83,1174.61,1680.69,1788.72,1298.33,2.62
1024.75,1178.04,1683.69,1788.72,1296.41,2.63
1029.68,1181.47,1686.69,1788.72,1294.5,2.64
1034.61,1184.88,1689.69,1788.72,1292.6,2.65
1039.55,1188.29,1692.69,1788.72,1290.7,2.66
1044.5,1191.69,1695.69,1788.72,1288.8,2.67
1049.45,1195.08,1698.69,1788.72,1286.91,2.68
1054.4,1198.46,1701.69,1788.72,1285.02,2.69
1059.37,1201.83,1704.69,1788.72,1283.13,2.7
1064.34,1205.19,1707.69,1788.72,1281.25,2.71
1069.31,1208.54,1710.69,1788.72,1279.38,2.72
1074.29,1211.89,1713.69,1788.72,1277.5,2.73
1079.28,1215.23,1716.69,1788.72,1275.64,2.74
1084.27,1218.56,1719.69,1788.72,1273.77,2.75
1089.27,1221.88,1722.69,1788.72,1271.91,2.76
1094.27,1225.19,1725.69,1788.72,1270.06,2.77
1099.28,1228.49,1728.69,1788.72,1268.2,2.78
1104.3,1231.78,1731.69,1788.72,1266.36,2.79
1109.32,1235.07,1734.69,1788.72,1264.51,2.8
1114.34,1238.34,1737.69,1788.72,1262.67,2.81
1119.38,1241.61,1740.69,1788.72,1260.84,2.82
1124.41,1244.87,1743.69,1788.72,1259,2.83
1129.46,1248.12,1746.69,1788.72,1257.17,2.84
1134.51,1251.36,1749.69,1788.72,1255.35,2.85
1139.56,1254.6,1752.69,1788.72,1253.53,2.86
1144.62,1257.82,1755.69,1788.72,1251.71,2.87
1149.69,1261.04,1758.69,1788.72,1249.9,2.88
1154.76,1264.24,1761.69,1788.72,1248.09,2.89
1159.83,1267.44,1764.69,1788.72,1246.29,2.9
1164.91,1270.63,1767.69,1788.72,1244.49,2.91
1170,1273.81,1770.69,1788.72,1242.69,2.92
1175.09,1276.99,1773.69,1788.72,1240.9,2.93
1180.19,1280.15,1776.69,1788.72,1239.11,2.94
1185.29,1283.31,1779.69,1788.72,1237.32,2.95
1190.4,1286.45,1782.69,1788.72,1235.54,2.96
1195.52,1289.59,1785.69,1788.72,1233.76,2.97
1200.64,1292.72,1788.69,1788.72,1231.98,2.98
1205.76,1295.84,1791.69,1788.72,1230.21,2.99
1210.89,1298.95,1794.69,1788.72,1228.44,3
1216.03,1302.06,1797.69,1788.72,1226.68,3.01
1221.17,1305.15,1800.69,1788.72,1224.92,3.02
1226.31,1308.24,1803.69,1788.72,1223.16,3.03
1231.46,1311.32,1806.69,1788.72,1221.41,3.04
1236.62,1314.39,1809.69,1788.72,1219.66,3.05
1241.78,1317.45,1812.69,1788.72,1217.91,3.06
1246.94,1320.5,1815.69,1788.72,1216.17,3.07
1252.11,1323.54,1818.69,1788.72,1214.43,3.08
1257.29,1326.58,1821.69,1788.72,1212.7,3.09
1262.47,1329.61,1824.69,1788.72,1210.97,3.1
1267.65,1332.62,1827.69,1788.72,1209.24,3.11
1272.85,1335.63,1830.69,1788.72,1207.51,3.12
1278.04,1338.63,1833.69,1788.72,1205.79,3.13
1283.24,1341.63,1836.69,1788.72,1204.07,3.14
1288.45,1344.61,1839.69,1788.72,1202.36,3.15
1293.66,1347.59,1842.69,1788.72,1200.65,3.16
1298.87,1350.55,1845.69,1788.72,1198.94,3.17
1304.09,1353.51,1848.69,1788.72,1197.23,3.18
1309.32,1356.46,1851.69,1788.72,1195.53,3.19
1314.55,1359.4,1854.69,1788.72,1193.84,3.2
1319.78,1362.34,1857.69,1788.72,1192.14,3.21
1325.02,1365.26,1860.69,1788.72,1190.45,3.22
1330.26,1368.18,1863.69,1788.72,1188.76,3.23
1335.51,1371.08,1866.69,1788.72,1187.08,3.24
1340.77,1373.98,1869.69,1788.72,1185.4,3.25
1346.02,1376.87,1872.69,1788.72,1183.72,3.26
1351.29,1379.75,1875.69,1788.72,1182.04,3.27
1356.55,1382.63,1878.69,1788.72,1180.37,3.28
1361.83,1385.49,1881.69,1788.72,1178.7,3.29
1367.1,1388.35,1884.69,1788.72,1177.04,3.3
1372.38,1391.2,1887.69,1788.72,1175.38,3.31
1377.67,1394.04,1890.69,1788.72,1173.72,3.32
1382.96,1396.87,1893.69,1788.72,1172.06,3.33
1388.25,1399.69,1896.69,1788.72,1170.41,3.34
1393.55,1402.51,1899.69,1788.72,1168.76,3.35
1398.85,1405.31,1902.69,1788.72,1167.11,3.36
1404.16,1408.11,1905.69,1788.72,1165.47,3.37
1409.47,1410.9,1908.69,1788.72,1163.83,3.38
1414.79,1413.68,1911.69,1788.72,1162.19,3.39
1420.11,1416.45,1914.69,1788.72,1160.56,3.4
1425.44,1419.22,1917.69,1788.72,1158.93,3.41
1430.77,1421.97,1920.69,1788.72,1157.3,3.42
1436.1,1424.72,1923.69,1788.72,1155.67,3.43
1441.44,1427.46,1926.69,1788.72,1154.05,3.44
1446.78,1430.19,1929.69,1788.72,1152.43,3.45
1452.13,1432.91,1932.69,1788.72,1150.81,3.46
1457.48,1435.62,1935.69,1788.72,1149.2,3.47
1462.84,1438.33,1938.69,1788.72,1147.59,3.48
1468.2,1441.03,1941.69,1788.72,1145.98,3.49
1473.56,1443.72,1944.69,1788.72,1144.38,3.5
1478.93,1446.4,1947.69,1788.72,1142.78,3.51
1484.3,1449.07,1950.69,1788.72,1141.18,3.52
1489.68,1451.73,1953.69,1788.72,1139.58,3.53
1495.06,1454.39,1956.69,1788.72,1137.99,3.54
1500.44,1457.04,1959.69,1788.72,1136.4,3.55
1505.83,1459.68,1962.69,1788.72,1134.81,3.56
1511.22,1462.31,1965.69,1788.72,1133.22,3.57
1516.62,1464.93,1968.69,1788.72,1131.64,3.58
1522.02,1467.55,1971.69,1788.72,1130.06,3.59
1527.42,1470.15,1974.69,1788.72,1128.48,3.6
1532.83,1472.75,1977.69,1788.72,1126.91,3.61
1538.24,1475.34,1980.69,1788.72,1125.34,3.62
1543.66,1477.92,1983.69,1788.72,1123.77,3.63
1549.08,1480.5,1986.69,1788.72,1122.2,3.64
1554.5,1483.06,1989.69,1788.72,1120.64,3.65
1559.93,1485.62,1992.69,1788.72,1119.08,3.66
1565.36,1488.17,1995.69,1788.72,1117.52,3.67
1570.8,1490.71,1998.69,1788.72,1115.97,3.68
1576.23,1493.24,2001.69,1788.72,1114.41,3.69
1581.68,1495.77,2004.69,1788.72,1112.86,3.7
1587.12,1498.28,2007.69,1788.72,1111.32,3.71
1592.57,1500.79,2010.69,1788.72,1109.77,3.72
1598.03,1503.29,2013.69,1788.72,1108.23,3.73
1603.49,1505.79,2016.69,1788.72,1106.69,3.74
1608.95,1508.27,2019.69,1788.72,1105.15,3.75
1614.41,1510.75,2022.69,1788.72,1103.62,3.76
1619.88,1513.22,2025.69,1788.72,1102.09,3.77
1625.35,1515.68,2028.69,1788.72,1100.56,3.78
1630.83,1518.13,2031.69,1788.72,1099.03,3.79
1636.31,1520.57,2034.69,1788.72,1097.5,3.8
1641.79,1523.01,2037.69,1788.72,1095.98,3.81
1647.28,1525.44,2040.69,1788.72,1094.46,3.82
1652.77,1527.86,2043.69,1788.72,1092.94,3.83
1658.26,1530.27,2046.69,1788.72,1091.43,3.84
1663.76,1532.67,2049.69,1788.72,1089.92,3.85
1669.26,1535.07,2052.69,1788.72,1088.41,3.86
1674.77,1537.46,2055.69,1788.72,1086.9,3.87
1680.27,1539.84,2058.69,1788.72,1085.39,3.88
1685.78,1542.21,2061.69,1788.72,1083.89,3.89
1691.3,1544.58,2064.69,1788.72,1082.39,3.9
1696.82,1546.93,2067.69,1788.72,1080.89,3.91
1702.34,1549.28,2070.69,1788.72,1079.39,3.92
1707.86,1551.62,2073.69,1788.72,1077.9,3.93
1713.39,1553.96,2076.69,1788.72,1076.41,3.94
1718.92,1556.28,2079.69,1788.72,1074.92,3.95
1724.46,1558.6,2082.69,1788.72,1073.43,3.96
1729.99,1560.91,2085.69,1788.72,1071.94,3.97
1735.53,1563.21,2088.69,1788.72,1070.46,3.98
1741.08,1565.5,2091.69,1788.72,1068.98,3.99
1746.63,1567.79,2094.69,1788.72,1067.5,4
1752.18,1570.07,2097.69,1788.72,1066.03,4.01
1757.73,1572.34,2100.69,1788.72,1064.55,4.02
1763.29,1574.6,2103.69,1788.72,1063.08,4.03
1768.85,1576.86,2106.69,1788.72,1061.61,4.04
1774.41,1579.1,2109.69,1788.72,1060.14,4.05
1779.98,1581.34,2112.69,1788.72,1058.68,4.06
1785.55,1583.57,2115.69,1788.72,1057.22,4.07
1791.12,1585.8,2118.69,1788.72,1055.75,4.08
1796.69,1588.01,2121.69,1788.72,1054.29,4.09
1802.27,1590.22,2124.69,1788.72,1052.84,4.1
1807.85,1592.42,2127.69,1788.72,1051.38,4.11
1813.44,1594.62,2130.69,1788.72,1049.93,4.12
1819.03,1596.8,2133.69,1788.72,1048.48,4.13
1824.62,1598.98,2136.69,1788.72,1047.03,4.14
1830.21,1601.15,2139.69,1788.72,1045.58,4.15
1835.81,1603.32,2142.69,1788.72,1044.14,4.16
1841.41,1605.47,2145.69,1788.72,1042.7,4.17
1847.01,1607.62,2148.69,1788.72,1041.26,4.18
1852.62,1609.76,2151.69,1788.72,1039.82,4.19
1858.22,1611.89,2154.69,1788.72,1038.38,4.2
1863.83,1614.02,2157.69,1788.72,1036.95,4.21
1869.45,1616.13,2160.69,1788.72,1035.51,4.22
1875.07,1618.24,2163.69,1788.72,1034.08,4.23
1880.68,1620.35,2166.69,1788.72,1032.65,4.24
1886.31,1622.44,2169.69,1788.72,1031.23,4.25
1891.93,1624.53,2172.69,1788.72,1029.8,4.26
1897.56,1626.61,2175.69,1788.72,1028.38,4.27
1903.19,1628.68,2178.69,1788.72,1026.95,4.28
1908.82,1630.75,2181.69,1788.72,1025.54,4.29
1914.46,1632.81,2184.69,1788.72,1024.12,4.3
1920.1,1634.86,2187.69,1788.72,1022.7,4.31
1925.74,1636.9,2190.69,1788.72,1021.29,4.32
1931.38,1638.94,2193.69,1788.72,1019.88,4.33
1937.03,1640.96,2196.69,1788.72,1018.46,4.34
1942.68,1642.98,2199.69,1788.72,1017.06,4.35
1948.33,1645,2202.69,1788.72,1015.65,4.36
1953.99,1647,2205.69,1788.72,1014.24,4.37
1959.64,1649,2208.69,1788.72,1012.84,4.38
1965.3,1651,2211.69,1788.72,1011.44,4.39
1970.97,1652.98,2214.69,1788.72,1010.04,4.4
1976.63,1654.96,2217.69,1788.72,1008.64,4.41
1982.3,1656.93,2220.69,1788.72,1007.24,4.42
1987.97,1658.89,2223.69,1788.72,1005.85,4.43
1993.64,1660.84,2226.69,1788.72,1004.46,4.44
1999.32,1662.79,2229.69,1788.72,1003.07,4.45
2004.99,1664.73,2232.69,1788.72,1001.68,4.46
2010.67,1666.67,2235.69,1788.72,1000.29,4.47
2016.36,1668.59,2238.69,1788.72,998.901,4.48
2022.04,1670.51,2241.69,1788.72,997.517,4.49
2027.73,1672.43,2244.69,1788.72,996.134,4.5
2033.42,1674.33,2247.69,1788.72,994.752,4.51
2039.11,1676.23,2250.69,1788.72,993.373,4.52
2044.8,1678.12,2253.69,1788.72,991.994,4.53
2050.5,1680,2256.69,1788.72,990.618,4.54
2056.2,1681.88,2259.69,1788.72,989.243,4.55
2061.9,1683.75,2262.69,1788.72,987.869,4.56
2067.6,1685.61,2265.69,1788.72,986.497,4.57
2073.31,1687.47,2268.69,1788.72,985.127,4.58
2079.02,1689.32,2271.69,1788.72,983.758,4.59
2084.73,1691.16,2274.69,1788.72,982.391,4.6
2090.44,1692.99,2277.69,1788.72,981.025,4.61
2096.15,1694.82,2280.69,1788.72,979.661,4.62
2101.87,1696.64,2283.69,1788.72,978.299,4.63
2107.59,1698.46,2286.69,1788.72,976.937,4.64
2113.31,1700.26,2289.69,1788.72,975.578,4.65
2119.04,1702.06,2292.69,1788.72,974.22,4.66
2124.76,1703.86,2295.69,1788.72,972.863,4.67
2130.49,1705.64,2298.69,1788.72,971.508,4.68
2136.22,1707.42,2301.69,1788.72,970.154,4.69
2141.95,1709.19,2304.69,1788.72,968.801,4.7
2147.69,1710.96,2307.69,1788.72,967.45,4.71
2153.42,1712.72,2310.69,1788.72,966.101,4.72
2159.16,1714.47,2313.69,1788.72,964.753,4.73
2164.9,1716.21,2316.69,1788.72,963.406,4.74
2170.65,1717.95,2319.69,1788.72,962.061,4.75
2176.39,1719.68,2322.69,1788.72,960.717,4.76
2182.14,1721.41,2325.69,1788.72,959.374,4.77
2187.89,1723.13,2328.69,1788.72,958.033,4.78
2193.64,1724.84,2331.69,1788.72,956.693,4.79
2199.39,1726.54,2334.69,1788.72,955.355,4.8
2205.14,1728.24,2337.69,1788.72,954.018,4.81
2210.9,1729.93,2340.69,1788.72,952.682,4.82
2216.66,1731.62,2343.69,1788.72,951.348,4.83
2222.42,1733.29,2346.69,1788.72,950.014,4.84
2228.18,1734.97,2349.69,1788.72,948.683,4.85
2233.95,1736.63,2352.69,1788.72,947.352,4.86
2239.71,1738.29,2355.69,1788.72,946.023,4.87
2245.48,1739.94,2358.69,1788.72,944.695,4.88
2251.25,1741.58,2361.69,1788.72,943.368,4.89
2257.02,1743.22,2364.69,1788.72,942.043,4.9
2262.8,1744.85,2367.69,1788.72,940.718,4.91
2268.57,1746.48,2370.69,1788.72,939.396,4.92
2274.35,1748.1,2373.69,1788.72,938.074,4.93
2280.13,1749.71,2376.69,1788.72,936.753,4.94
2285.91,1751.32,2379.69,1788.72,935.434,4.95
2291.69,1752.92,2382.69,1788.72,934.116,4.96
2297.48,1754.51,2385.69,1788.72,932.799,4.97
2303.27,1756.09,2388.69,1788.72,931.484,4.98
2309.05,1757.67,2391.69,1788.72,930.169,4.99
2314.84,1759.25,2394.69,1788.72,928.856,5
2320.64,1760.81,2397.69,1788.72,927.544,5.01
2326.43,1762.38,2400.69,1788.72,926.233,5.02
2332.22,1763.93,2403.69,1788.72,924.923,5.03
2338.02,1765.48,2406.69,1788.72,923.614,5.04
2343.82,1767.02,2409.69,1788.72,922.307,5.05
2349.62,1768.55,2412.69,1788.72,921.001,5.06
2355.42,1770.08,2415.69,1788.72,919.695,5.07
2361.23,1771.61,2418.69,1788.72,918.391,5.08
2367.03,1773.12,2421.69,1788.72,917.088,5.09
2372.84,1774.63,2424.69,1788.72,915.786,5.1
2378.65,1776.14,2427.69,1788.72,914.485,5.11
2384.46,1777.63,2430.69,1788.72,913.186,5.12
2390.27,1779.13,2433.69,1788.72,911.887,5.13
2396.08,1780.61,2436.69,1788.72,910.589,5.14
2401.9,1782.09,2439.69,1788.72,909.293,5.15
2407.71,1783.56,2442.69,1788.72,907.998,5.16
2413.53,1785.03,2445.69,1788.72,906.703,5.17
2419.35,1786.49,2448.69,1788.72,905.41,5.18
2425.17,1787.95,2451.69,1788.72,904.117,5.19
2430.99,1789.39,2454.69,1788.72,902.826,5.2
2436.82,1790.84,2457.69,1788.72,901.536,5.21
2442.64,1792.27,2460.69,1788.72,900.247,5.22
2448.47,1793.7,2463.69,1788.72,898.958,5.23
2454.3,1795.13,2466.69,1788.72,897.671,5.24
2460.13,1796.55,2469.69,1788.72,896.385,5.25
2465.96,1797.96,2472.69,1788.72,895.099,5.26
2471.79,1799.36,2475.69,1788.72,893.815,5.27
2477.63,1800.76,2478.69,1788.72,892.532,5.28
2483.46,1802.16,2481.69,1788.72,891.249,5.29
2489.3,1803.55,2484.69,1788.72,889.968,5.3
2495.14,1804.93,2487.69,1788.72,888.687,5.31
2500.98,1806.31,2490.69,1788.72,887.408,5.32
2506.82,1807.68,2493.69,1788.72,886.129,5.33
2512.66,1809.04,2496.69,1788.72,884.852,5.34
2518.51,1810.4,2499.69,1788.72,883.575,5.35
2524.35,1811.75,2502.69,1788.72,882.299,5.36
2530.2,1813.1,2505.69,1788.72,881.024,5.37
2536.05,1814.44,2508.69,1788.72,879.75,5.38
2541.9,1815.78,2511.69,1788.72,878.477,5.39
2547.75,1817.11,2514.69,1788.72,877.205,5.4
2553.6,1818.43,2517.69,1788.72,875.933,5.41
2559.45,1819.75,2520.69,1788.72,874.663,5.42
2565.31,1821.06,2523.69,1788.72,873.393,5.43
2571.16,1822.37,2526.69,1788.72,872.124,5.44
2577.02,1823.67,2529.69,1788.72,870.856,5.45
2582.88,1824.97,2532.69,1788.72,869.589,5.46
2588.74,1826.25,2535.69,1788.72,868.323,5.47
2594.6,1827.54,2538.69,1788.72,867.058,5.48
2600.46,1828.82,2541.69,1788.72,865.793,5.49
2606.33,1830.09,2544.69,1788.72,864.529,5.5
2612.19,1831.36,2547.69,1788.72,863.267,5.51
2618.06,1832.62,2550.69,1788.72,862.004,5.52
2623.92,1833.87,2553.69,1788.72,860.743,5.53
2629.79,1835.12,2556.69,1788.72,859.483,5.54
2635.66,1836.37,2559.69,1788.72,858.223,5.55
2641.53,1837.61,2562.69,1788.72,856.964,5.56
2647.4,1838.84,2565.69,1788.72,855.706,5.57
2653.28,1840.07,2568.69,1788.72,854.449,5.58
2659.15,1841.29,2571.69,1788.72,853.192,5.59
2665.03,1842.51,2574.69,1788.72,851.936,5.6
2670.9,1843.72,2577.69,1788.72,850.681,5.61
2676.78,1844.93,2580.69,1788.72,849.427,5.62
2682.66,1846.13,2583.69,1788.72,848.173,5.63
2688.54,1847.32,2586.69,1788.72,846.92,5.64
2694.42,1848.51,2589.69,1788.72,845.668,5.65
2700.3,1849.7,2592.69,1788.72,844.417,5.66
2706.18,1850.88,2595.69,1788.72,843.166,5.67
2712.07,1852.05,2598.69,1788.72,841.917,5.68
2717.95,1853.22,2601.69,1788.72,840.667,5.69
2723.84,1854.38,2604.69,1788.72,839.419,5.7
2729.73,1855.54,2607.69,1788.72,838.171,5.71
2735.61,1856.7,2610.69,1788.72,836.924,5.72
2741.5,1857.84,2613.69,1788.72,835.678,5.73
2747.39,1858.98,2616.69,1788.72,834.432,5.74
2753.28,1860.12,2619.69,1788.72,833.187,5.75
2759.18,1861.25,2622.69,1788.72,831.943,5.76
2765.07,1862.38,2625.69,1788.72,830.699,5.77
2770.96,1863.5,2628.69,1788.72,829.456,5.78
2776.86,1864.62,2631.69,1788.72,828.213,5.79
2782.76,1865.73,2634.69,1788.72,826.972,5.8
2788.65,1866.83,2637.69,1788.72,825.731,5.81
2794.55,1867.93,2640.69,1788.72,824.49,5.82
2800.45,1869.03,2643.69,1788.72,823.251,5.83
2806.35,1870.12,2646.69,1788.72,822.011,5.84
2812.25,1871.21,2649.69,1788.72,820.773,5.85
2818.15,1872.29,2652.69,1788.72,819.535,5.86
2824.06,1873.36,2655.69,1788.72,818.298,5.87
2829.96,1874.43,2658.69,1788.72,817.061,5.88
2835.87,1875.5,2661.69,1788.72,815.825,5.89
2841.77,1876.56,2664.69,1788.72,814.59,5.9
2847.68,1877.61,2667.69,1788.72,813.355,5.91
2853.58,1878.66,2670.69,1788.72,812.121,5.92
2859.49,1879.71,2673.69,1788.72,810.887,5.93
2865.4,1880.75,2676.69,1788.72,809.654,5.94
2871.31,1881.78,2679.69,1788.72,808.422,5.95
2877.22,1882.81,2682.69,1788.72,807.19,5.96
2883.13,1883.84,2685.69,1788.72,805.958,5.97
2889.05,1884.86,2688.69,1788.72,804.728,5.98
2894.96,1885.87,2691.69,1788.72,803.497,5.99
2900.88,1886.88,2694.69,1788.72,802.268,6
2906.79,1887.89,2697.69,1788.72,801.039,6.01
2912.71,1888.89,2700.69,1788.72,799.81,6.02
2918.62,1889.89,2703.69,1788.72,798.582,6.03
2924.54,1890.88,2706.69,1788.72,797.355,6.04
2930.46,1891.87,2709.69,1788.72,796.128,6.05
2936.38,1892.85,2712.69,1788.72,794.901,6.06
2942.3,1893.83,2715.69,1788.72,793.675,6.07
2948.22,1894.8,2718.69,1788.72,792.45,6.08
2954.14,1895.77,2721.69,1788.72,791.225,6.09
2960.06,1896.73,2724.69,1788.72,790.001,6.1
2965.98,1897.69,2727.69,1788.72,788.777,6.11
2971.91,1898.64,2730.69,1788.72,787.554,6.12
2977.83,1899.59,2733.69,1788.72,786.331,6.13
2983.76,1900.53,2736.69,1788.72,785.109,6.14
2989.68,1901.47,2739.69,1788.72,783.887,6.15
2995.61,1902.41,2742.69,1788.72,782.666,6.16
3001.54,1903.34,2745.69,1788.72,781.445,6.17
3007.47,1904.27,2748.69,1788.72,780.224,6.18
3013.4,1905.19,2751.69,1788.72,779.005,6.19
3019.32,1906.1,2754.69,1788.72,777.785,6.2
3025.26,1907.02,2757.69,1788.72,776.566,6.21
3031.19,1907.92,2760.69,1788.72,775.348,6.22
3037.12,1908.83,2763.69,1788.72,774.13,6.23
3043.05,1909.73,2766.69,1788.72,772.912,6.24
3048.98,1910.62,2769.69,1788.72,771.695,6.25
3054.92,1911.51,2772.69,1788.72,770.478,6.26
3060.85,1912.39,2775.69,1788.72,769.262,6.27
3066.79,1913.28,2778.69,1788.72,768.046,6.28
3072.72,1914.15,2781.69,1788.72,766.831,6.29
3078.66,1915.02,2784.69,1788.72,765.616,6.3
3084.59,1915.89,2787.69,1788.72,764.402,6.31
3090.53,1916.75,2790.69,1788.72,763.188,6.32
3096.47,1917.61,2793.69,1788.72,761.974,6.33
3102.41,1918.47,2796.69,1788.72,760.761,6.34
3108.35,1919.32,2799.69,1788.72,759.548,6.35
3114.29,1920.16,2802.69,1788.72,758.336,6.36
3120.23,1921.01,2805.69,1788.72,757.124,6.37
3126.17,1921.84,2808.69,1788.72,755.912,6.38
3132.11,1922.68,2811.69,1788.72,754.701,6.39
3138.06,1923.51,2814.69,1788.72,753.49,6.4
3144,1924.33,2817.69,1788.72,752.28,6.41
3149.94,1925.15,2820.69,1788.72,751.07,6.42
3155.89,1925.97,2823.69,1788.72,749.86,6.43
3161.83,1926.78,2826.69,1788.72,748.651,6.44
3167.78,1927.59,2829.69,1788.72,747.442,6.45
3173.72,1928.39,2832.69,1788.72,746.234,6.46
3179.67,1929.19,2835.69,1788.72,745.026,6.47
3185.62,1929.98,2838.69,1788.72,743.818,6.48
3191.56,1930.77,2841.69,1788.72,742.611,6.49
3197.51,1931.56,2844.69,1788.72,741.404,6.5
3203.46,1932.34,2847.69,1788.72,740.197,6.51
3209.41,1933.12,2850.69,1788.72,738.991,6.52
3215.36,1933.9,2853.69,1788.72,737.785,6.53
3221.31,1934.67,2856.69,1788.72,736.579,6.54
3227.26,1935.43,2859.69,1788.72,735.374,6.55
3233.21,1936.2,2862.69,1788.72,734.169,6.56
3239.16,1936.96,2865.69,1788.72,732.965,6.57
3245.12,1937.71,2868.69,1788.72,731.761,6.58
3251.07,1938.46,2871.69,1788.72,730.557,6.59
3257.02,1939.21,2874.69,1788.72,729.353,6.6
3262.98,1939.95,2877.69,1788.72,728.15,6.61
3268.93,1940.69,2880.69,1788.72,726.947,6.62
3274.89,1941.42,2883.69,1788.72,725.745,6.63
3280.84,1942.15,2886.69,1788.72,724.542,6.64
3286.8,1942.88,2889.69,1788.72,723.34,6.65
3292.75,1943.6,2892.69,1788.72,722.139,6.66
3298.71,1944.32,2895.69,1788.72,720.938,6.67
3304.67,1945.04,2898.69,1788.72,719.737,6.68
3310.62,1945.75,2901.69,1788.72,718.536,6.69
3316.58,1946.46,2904.69,1788.72,717.336,6.7
3322.54,1947.16,2907.69,1788.72,716.135,6.71
3328.5,1947.86,2910.69,1788.72,714.936,6.72
3334.46,1948.56,2913.69,1788.72,713.736,6.73
3340.42,1949.25,2916.69,1788.72,712.537,6.74
3346.38,1949.94,2919.69,1788.72,711.338,6.75
3352.34,1950.62,2922.69,1788.72,710.14,6.76
3358.3,1951.3,2925.69,1788.72,708.941,6.77
3364.26,1951.98,2928.69,1788.72,707.743,6.78
3370.23,1952.66,2931.69,1788.72,706.545,6.79
3376.19,1953.33,2934.69,1788.72,705.348,6.8
3382.15,1953.99,2937.69,1788.72,704.151,6.81
3388.11,1954.66,2940.69,1788.72,702.954,6.82
3394.08,1955.31,2943.69,1788.72,701.757,6.83
3400.04,1955.97,2946.69,1788.72,700.561,6.84
3406.01,1956.62,2949.69,1788.72,699.365,6.85
3411.97,1957.27,2952.69,1788.72,698.169,6.86
3417.94,1957.91,2955.69,1788.72,696.973,6.87
3423.9,1958.56,2958.69,1788.72,695.778,6.88
3429.87,1959.19,2961.69,1788.72,694.583,6.89
3435.83,1959.83,2964.69,1788.72,693.388,6.9
3441.8,1960.46,2967.69,1788.72,692.193,6.91
3447.77,1961.08,2970.69,1788.72,690.999,6.92
3453.74,1961.71,2973.69,1788.72,689.804,6.93
3459.7,1962.33,2976.69,1788.72,688.611,6.94
3465.67,1962.94,2979.69,1788.72,687.417,6.95
3471.64,1963.56,2982.69,1788.72,686.224,6.96
3477.61,1964.17,2985.69,1788.72,685.03,6.97
3483.58,1964.77,2988.69,1788.72,683.837,6.98
3489.55,1965.37,2991.69,1788.72,682.645,6.99
3495.52,1965.97,2994.69,1788.72,681.452,7
