Author: Spencer Rodgers, Date 1/8/2021
Missile X, Missile Y, Target X, Target Y,AccelM, Separation, Time 
0,0,894.693,1788.72,0,0,0
2.68408,5.36616,897.693,1788.72,-11.657,2000,0.01
5.37837,10.7272,900.693,1788.72,-11.6628,1995.34,0.02
8.08287,16.0831,903.693,1788.72,-11.6685,1990.69,0.03
10.7976,21.4338,906.693,1788.72,-11.6742,1986.04,0.04
13.5225,26.7794,909.693,1788.72,-11.6799,1981.4,0.05
16.2576,32.1197,912.693,1788.72,-11.6855,1976.76,0.06
19.0028,37.4549,915.693,1788.72,-11.691,1972.12,0.07
21.7583,42.7847,918.693,1788.72,-11.6965,1967.48,0.08
24.5239,48.1093,921.693,1788.72,-11.7019,1962.85,0.09
27.2998,53.4286,924.693,1788.72,-11.7073,1958.22,0.1
30.0857,58.7426,927.693,1788.72,-11.7126,1953.6,0.11
32.8819,64.0512,930.693,1788.72,-11.7178,1948.98,0.12
35.6882,69.3545,933.693,1788.72,-11.723,1944.36,0.13
38.5046,74.6524,936.693,1788.72,-11.7281,1939.75,0.14
41.3312,79.9449,939.693,1788.72,-11.7332,1935.14,0.15
44.1679,85.2319,942.693,1788.72,-11.7382,1930.54,0.16
47.0148,90.5135,945.693,1788.72,-11.7431,1925.93,0.17
49.8718,95.7897,948.693,1788.72,-11.748,1921.34,0.18
52.7389,101.06,951.693,1788.72,-11.7528,1916.74,0.19
55.6161,106.325,954.693,1788.72,-11.7576,1912.15,0.2
58.5034,111.585,957.693,1788.72,-11.7623,1907.56,0.21
61.4008,116.839,960.693,1788.72,-11.7669,1902.98,0.22
64.3083,122.088,963.693,1788.72,-11.7715,1898.4,0.23
67.2259,127.33,966.693,1788.72,-11.776,1893.82,0.24
70.1536,132.568,969.693,1788.72,-11.7805,1889.25,0.25
73.0913,137.799,972.693,1788.72,-11.7849,1884.68,0.26
76.0392,143.025,975.693,1788.72,-11.7892,1880.11,0.27
78.997,148.245,978.693,1788.72,-11.7934,1875.55,0.28
81.9649,153.46,981.693,1788.72,-11.7976,1870.99,0.29
84.9429,158.669,984.693,1788.72,-11.8018,1866.44,0.3
87.9309,163.872,987.693,1788.72,-11.8059,1861.89,0.31
90.9289,169.069,990.693,1788.72,-11.8099,1857.34,0.32
93.937,174.261,993.693,1788.72,-11.8138,1852.79,0.33
96.955,179.446,996.693,1788.72,-11.8177,1848.25,0.34
99.9831,184.626,999.693,1788.72,-11.8215,1843.72,0.35
103.021,189.8,1002.69,1788.72,-11.8253,1839.18,0.36
106.069,194.968,1005.69,1788.72,-11.8289,1834.65,0.37
109.127,200.131,1008.69,1788.72,-11.8326,1830.13,0.38
112.195,205.287,1011.69,1788.72,-11.8361,1825.61,0.39
115.273,210.437,1014.69,1788.72,-11.8396,1821.09,0.4
118.361,215.582,1017.69,1788.72,-11.843,1816.57,0.41
121.459,220.72,1020.69,1788.72,-11.8464,1812.06,0.42
124.567,225.852,1023.69,1788.72,-11.8497,1807.55,0.43
127.684,230.979,1026.69,1788.72,-11.8529,1803.05,0.44
130.812,236.099,1029.69,1788.72,-11.856,1798.55,0.45
133.95,241.213,1032.69,1788.72,-11.8591,1794.05,0.46
137.097,246.322,1035.69,1788.72,-11.8621,1789.56,0.47
140.254,251.424,1038.69,1788.72,-11.8651,1785.07,0.48
143.422,256.52,1041.69,1788.72,-11.868,1780.58,0.49
146.599,261.609,1044.69,1788.72,-11.8708,1776.1,0.5
149.786,266.693,1047.69,1788.72,-11.8735,1771.62,0.51
152.982,271.771,1050.69,1788.72,-11.8762,1767.15,0.52
156.189,276.842,1053.69,1788.72,-11.8788,1762.68,0.53
159.406,281.907,1056.69,1788.72,-11.8814,1758.21,0.54
162.632,286.965,1059.69,1788.72,-11.8839,1753.74,0.55
165.868,292.018,1062.69,1788.72,-11.8863,1749.28,0.56
169.114,297.064,1065.69,1788.72,-11.8886,1744.83,0.57
172.37,302.104,1068.69,1788.72,-11.8909,1740.37,0.58
175.635,307.138,1071.69,1788.72,-11.893,1735.92,0.59
178.91,312.165,1074.69,1788.72,-11.8952,1731.48,0.6
182.195,317.186,1077.69,1788.72,-11.8972,1727.03,0.61
185.49,322.2,1080.69,1788.72,-11.8992,1722.6,0.62
188.795,327.208,1083.69,1788.72,-11.9011,1718.16,0.63
192.109,332.21,1086.69,1788.72,-11.903,1713.73,0.64
195.433,337.205,1089.69,1788.72,-11.9047,1709.3,0.65
198.767,342.193,1092.69,1788.72,-11.9064,1704.88,0.66
202.11,347.175,1095.69,1788.72,-11.9081,1700.46,0.67
205.463,352.151,1098.69,1788.72,-11.9096,1696.04,0.68
208.826,357.12,1101.69,1788.72,-11.9111,1691.62,0.69
212.198,362.083,1104.69,1788.72,-11.9125,1687.21,0.7
215.58,367.039,1107.69,1788.72,-11.9139,1682.81,0.71
218.972,371.988,1110.69,1788.72,-11.9151,1678.41,0.72
222.373,376.931,1113.69,1788.72,-11.9163,1674.01,0.73
225.784,381.867,1116.69,1788.72,-11.9174,1669.61,0.74
229.205,386.797,1119.69,1788.72,-11.9185,1665.22,0.75
232.635,391.719,1122.69,1788.72,-11.9195,1660.83,0.76
236.074,396.636,1125.69,1788.72,-11.9204,1656.45,0.77
239.524,401.545,1128.69,1788.72,-11.9212,1652.07,0.78
242.982,406.448,1131.69,1788.72,-11.922,1647.69,0.79
246.451,411.344,1134.69,1788.72,-11.9226,1643.32,0.8
249.929,416.233,1137.69,1788.72,-11.9233,1638.95,0.81
253.416,421.115,1140.69,1788.72,-11.9238,1634.58,0.82
256.913,425.991,1143.69,1788.72,-11.9243,1630.22,0.83
260.419,430.86,1146.69,1788.72,-11.9246,1625.86,0.84
263.935,435.722,1149.69,1788.72,-11.925,1621.5,0.85
267.46,440.577,1152.69,1788.72,-11.9252,1617.15,0.86
270.995,445.425,1155.69,1788.72,-11.9254,1612.8,0.87
274.539,450.267,1158.69,1788.72,-11.9255,1608.46,0.88
278.093,455.101,1161.69,1788.72,-11.9255,1604.12,0.89
281.656,459.929,1164.69,1788.72,-11.9254,1599.78,0.9
285.229,464.749,1167.69,1788.72,-11.9253,1595.45,0.91
288.81,469.563,1170.69,1788.72,-11.9251,1591.11,0.92
292.402,474.369,1173.69,1788.72,-11.9248,1586.79,0.93
296.002,479.169,1176.69,1788.72,-11.9244,1582.47,0.94
299.612,483.961,1179.69,1788.72,-11.924,1578.15,0.95
303.231,488.747,1182.69,1788.72,-11.9235,1573.83,0.96
306.86,493.525,1185.69,1788.72,-11.9229,1569.52,0.97
310.497,498.297,1188.69,1788.72,-11.9222,1565.21,0.98
314.145,503.061,1191.69,1788.72,-11.9215,1560.9,0.99
317.801,507.818,1194.69,1788.72,-11.9206,1556.6,1
321.467,512.568,1197.69,1788.72,-11.9198,1552.31,1.01
325.141,517.311,1200.69,1788.72,-11.9188,1548.01,1.02
328.826,522.047,1203.69,1788.72,-11.9177,1543.72,1.03
332.519,526.776,1206.69,1788.72,-11.9166,1539.43,1.04
336.221,531.497,1209.69,1788.72,-11.9154,1535.15,1.05
339.933,536.211,1212.69,1788.72,-11.9141,1530.87,1.06
343.654,540.918,1215.69,1788.72,-11.9128,1526.59,1.07
347.384,545.618,1218.69,1788.72,-11.9113,1522.32,1.08
351.123,550.31,1221.69,1788.72,-11.9098,1518.05,1.09
354.871,554.995,1224.69,1788.72,-11.9083,1513.79,1.1
358.629,559.673,1227.69,1788.72,-11.9066,1509.53,1.11
362.395,564.344,1230.69,1788.72,-11.9048,1505.27,1.12
366.171,569.007,1233.69,1788.72,-11.903,1501.01,1.13
369.955,573.663,1236.69,1788.72,-11.9011,1496.76,1.14
373.749,578.311,1239.69,1788.72,-11.8992,1492.52,1.15
377.552,582.952,1242.69,1788.72,-11.8971,1488.27,1.16
381.363,587.586,1245.69,1788.72,-11.895,1484.03,1.17
385.184,592.212,1248.69,1788.72,-11.8928,1479.79,1.18
389.013,596.831,1251.69,1788.72,-11.8905,1475.56,1.19
392.852,601.443,1254.69,1788.72,-11.8881,1471.33,1.2
396.7,606.047,1257.69,1788.72,-11.8857,1467.11,1.21
400.556,610.643,1260.69,1788.72,-11.8832,1462.88,1.22
404.422,615.232,1263.69,1788.72,-11.8806,1458.67,1.23
408.296,619.814,1266.69,1788.72,-11.8779,1454.45,1.24
412.179,624.387,1269.69,1788.72,-11.8752,1450.24,1.25
416.071,628.954,1272.69,1788.72,-11.8723,1446.03,1.26
419.972,633.513,1275.69,1788.72,-11.8694,1441.83,1.27
423.882,638.064,1278.69,1788.72,-11.8664,1437.63,1.28
427.8,642.608,1281.69,1788.72,-11.8634,1433.43,1.29
431.728,647.144,1284.69,1788.72,-11.8602,1429.23,1.3
435.664,651.672,1287.69,1788.72,-11.857,1425.04,1.31
439.609,656.193,1290.69,1788.72,-11.8537,1420.86,1.32
443.562,660.706,1293.69,1788.72,-11.8503,1416.67,1.33
447.524,665.212,1296.69,1788.72,-11.8469,1412.49,1.34
451.496,669.71,1299.69,1788.72,-11.8433,1408.32,1.35
455.475,674.2,1302.69,1788.72,-11.8397,1404.15,1.36
459.464,678.682,1305.69,1788.72,-11.836,1399.98,1.37
463.461,683.157,1308.69,1788.72,-11.8323,1395.81,1.38
467.467,687.624,1311.69,1788.72,-11.8284,1391.65,1.39
471.481,692.083,1314.69,1788.72,-11.8245,1387.49,1.4
475.504,696.535,1317.69,1788.72,-11.8205,1383.34,1.41
479.535,700.979,1320.69,1788.72,-11.8164,1379.19,1.42
483.575,705.414,1323.69,1788.72,-11.8122,1375.04,1.43
487.624,709.843,1326.69,1788.72,-11.808,1370.89,1.44
491.681,714.263,1329.69,1788.72,-11.8037,1366.75,1.45
495.747,718.675,1332.69,1788.72,-11.7993,1362.62,1.46
499.821,723.08,1335.69,1788.72,-11.7948,1358.48,1.47
503.904,727.477,1338.69,1788.72,-11.7902,1354.35,1.48
507.995,731.866,1341.69,1788.72,-11.7856,1350.23,1.49
512.095,736.247,1344.69,1788.72,-11.7809,1346.1,1.5
516.203,740.62,1347.69,1788.72,-11.7761,1341.98,1.51
520.319,744.985,1350.69,1788.72,-11.7712,1337.87,1.52
524.444,749.342,1353.69,1788.72,-11.7663,1333.76,1.53
528.577,753.692,1356.69,1788.72,-11.7613,1329.65,1.54
532.719,758.033,1359.69,1788.72,-11.7562,1325.54,1.55
536.868,762.367,1362.69,1788.72,-11.751,1321.44,1.56
541.026,766.692,1365.69,1788.72,-11.7457,1317.34,1.57
545.193,771.01,1368.69,1788.72,-11.7404,1313.25,1.58
549.368,775.319,1371.69,1788.72,-11.735,1309.16,1.59
553.551,779.621,1374.69,1788.72,-11.7295,1305.07,1.6
557.742,783.914,1377.69,1788.72,-11.7239,1300.98,1.61
561.941,788.2,1380.69,1788.72,-11.7183,1296.9,1.62
566.149,792.477,1383.69,1788.72,-11.7125,1292.83,1.63
570.365,796.746,1386.69,1788.72,-11.7067,1288.75,1.64
574.589,801.008,1389.69,1788.72,-11.7009,1284.68,1.65
578.821,805.261,1392.69,1788.72,-11.6949,1280.61,1.66
583.061,809.506,1395.69,1788.72,-11.6889,1276.55,1.67
587.309,813.743,1398.69,1788.72,-11.6827,1272.49,1.68
591.565,817.972,1401.69,1788.72,-11.6766,1268.44,1.69
595.83,822.192,1404.69,1788.72,-11.6703,1264.38,1.7
600.102,826.405,1407.69,1788.72,-11.6639,1260.33,1.71
604.383,830.61,1410.69,1788.72,-11.6575,1256.29,1.72
608.671,834.806,1413.69,1788.72,-11.651,1252.24,1.73
612.968,838.994,1416.69,1788.72,-11.6444,1248.2,1.74
617.272,843.174,1419.69,1788.72,-11.6378,1244.17,1.75
621.584,847.346,1422.69,1788.72,-11.6311,1240.14,1.76
625.905,851.509,1425.69,1788.72,-11.6242,1236.11,1.77
630.233,855.665,1428.69,1788.72,-11.6174,1232.08,1.78
634.569,859.812,1431.69,1788.72,-11.6104,1228.06,1.79
638.913,863.951,1434.69,1788.72,-11.6034,1224.04,1.8
643.264,868.081,1437.69,1788.72,-11.5962,1220.03,1.81
647.624,872.204,1440.69,1788.72,-11.5891,1216.02,1.82
651.991,876.318,1443.69,1788.72,-11.5818,1212.01,1.83
656.366,880.424,1446.69,1788.72,-11.5744,1208,1.84
660.749,884.522,1449.69,1788.72,-11.567,1204,1.85
665.14,888.611,1452.69,1788.72,-11.5595,1200,1.86
669.538,892.692,1455.69,1788.72,-11.552,1196.01,1.87
673.944,896.765,1458.69,1788.72,-11.5443,1192.02,1.88
678.358,900.829,1461.69,1788.72,-11.5366,1188.03,1.89
682.779,904.885,1464.69,1788.72,-11.5288,1184.05,1.9
687.208,908.933,1467.69,1788.72,-11.5209,1180.07,1.91
691.645,912.972,1470.69,1788.72,-11.513,1176.09,1.92
696.089,917.003,1473.69,1788.72,-11.505,1172.11,1.93
700.541,921.026,1476.69,1788.72,-11.4969,1168.14,1.94
705,925.04,1479.69,1788.72,-11.4887,1164.18,1.95
709.467,929.046,1482.69,1788.72,-11.4805,1160.21,1.96
713.941,933.044,1485.69,1788.72,-11.4721,1156.25,1.97
718.423,937.033,1488.69,1788.72,-11.4638,1152.3,1.98
722.912,941.014,1491.69,1788.72,-11.4553,1148.34,1.99
727.409,944.986,1494.69,1788.72,-11.4467,1144.39,2
731.913,948.95,1497.69,1788.72,-11.4381,1140.44,2.01
736.424,952.906,1500.69,1788.72,-11.4294,1136.5,2.02
740.943,956.853,1503.69,1788.72,-11.4207,1132.56,2.03
745.469,960.792,1506.69,1788.72,-11.4119,1128.62,2.04
750.003,964.722,1509.69,1788.72,-11.4029,1124.69,2.05
754.544,968.644,1512.69,1788.72,-11.394,1120.76,2.06
759.092,972.557,1515.69,1788.72,-11.3849,1116.83,2.07
763.648,976.462,1518.69,1788.72,-11.3758,1112.91,2.08
768.21,980.358,1521.69,1788.72,-11.3666,1108.99,2.09
772.78,984.246,1524.69,1788.72,-11.3573,1105.07,2.1
777.357,988.126,1527.69,1788.72,-11.348,1101.16,2.11
781.942,991.997,1530.69,1788.72,-11.3386,1097.25,2.12
786.533,995.859,1533.69,1788.72,-11.3291,1093.34,2.13
791.132,999.713,1536.69,1788.72,-11.3195,1089.44,2.14
795.737,1003.56,1539.69,1788.72,-11.3099,1085.54,2.15
800.35,1007.4,1542.69,1788.72,-11.3002,1081.64,2.16
804.97,1011.22,1545.69,1788.72,-11.2904,1077.75,2.17
809.597,1015.04,1548.69,1788.72,-11.2806,1073.86,2.18
814.231,1018.85,1551.69,1788.72,-11.2707,1069.97,2.19
818.872,1022.66,1554.69,1788.72,-11.2607,1066.09,2.2
823.52,1026.45,1557.69,1788.72,-11.2507,1062.21,2.21
828.175,1030.24,1560.69,1788.72,-11.2406,1058.33,2.22
832.837,1034.01,1563.69,1788.72,-11.2304,1054.46,2.23
837.505,1037.78,1566.69,1788.72,-11.2201,1050.59,2.24
842.181,1041.54,1569.69,1788.72,-11.2098,1046.72,2.25
846.864,1045.29,1572.69,1788.72,-11.1994,1042.86,2.26
851.553,1049.04,1575.69,1788.72,-11.1889,1039,2.27
856.249,1052.77,1578.69,1788.72,-11.1784,1035.14,2.28
860.952,1056.5,1581.69,1788.72,-11.1678,1031.28,2.29
865.662,1060.22,1584.69,1788.72,-11.1571,1027.43,2.3
870.379,1063.92,1587.69,1788.72,-11.1464,1023.59,2.31
875.102,1067.62,1590.69,1788.72,-11.1356,1019.74,2.32
879.832,1071.32,1593.69,1788.72,-11.1247,1015.9,2.33
884.569,1075,1596.69,1788.72,-11.1138,1012.06,2.34
889.313,1078.67,1599.69,1788.72,-11.1028,1008.23,2.35
894.063,1082.34,1602.69,1788.72,-11.0917,1004.4,2.36
898.819,1085.99,1605.69,1788.72,-11.0806,1000.57,2.37
903.583,1089.64,1608.69,1788.72,-11.0693,996.742,2.38
908.353,1093.28,1611.69,1788.72,-11.0581,992.921,2.39
913.129,1096.91,1614.69,1788.72,-11.0467,989.102,2.4
917.912,1100.54,1617.69,1788.72,-11.0353,985.287,2.41
922.702,1104.15,1620.69,1788.72,-11.0239,981.474,2.42
927.498,1107.76,1623.69,1788.72,-11.0123,977.665,2.43
932.301,1111.35,1626.69,1788.72,-11.0007,973.86,2.44
937.11,1114.94,1629.69,1788.72,-10.9891,970.057,2.45
941.925,1118.52,1632.69,1788.72,-10.9774,966.258,2.46
946.747,1122.09,1635.69,1788.72,-10.9656,962.461,2.47
951.575,1125.65,1638.69,1788.72,-10.9537,958.668,2.48
956.41,1129.21,1641.69,1788.72,-10.9418,954.878,2.49
961.251,1132.75,1644.69,1788.72,-10.9298,951.091,2.5
966.098,1136.29,1647.69,1788.72,-10.9178,947.308,2.51
970.951,1139.81,1650.69,1788.72,-10.9057,943.527,2.52
975.811,1143.33,1653.69,1788.72,-10.8935,939.75,2.53
980.677,1146.84,1656.69,1788.72,-10.8813,935.976,2.54
985.55,1150.34,1659.69,1788.72,-10.869,932.205,2.55
990.428,1153.84,1662.69,1788.72,-10.8566,928.437,2.56
995.313,1157.32,1665.69,1788.72,-10.8442,924.672,2.57
1000.2,1160.8,1668.69,1788.72,-10.8317,920.91,2.58
1005.1,1164.26,1671.69,1788.72,-10.8192,917.152,2.59
1010,1167.72,1674.69,1788.72,-10.8066,913.396,2.6
1014.91,1171.17,1677.69,1788.72,-10.7939,909.644,2.61
1019.83,1174.61,1680.69,1788.72,-10.7812,905.895,2.62
1024.75,1178.04,1683.69,1788.72,-10.7684,902.149,2.63
1029.68,1181.47,1686.69,1788.72,-10.7556,898.406,2.64
1034.61,1184.88,1689.69,1788.72,-10.7427,894.666,2.65
1039.55,1188.29,1692.69,1788.72,-10.7298,890.929,2.66
1044.5,1191.69,1695.69,1788.72,-10.7167,887.195,2.67
1049.45,1195.08,1698.69,1788.72,-10.7037,883.464,2.68
1054.4,1198.46,1701.69,1788.72,-10.6905,879.737,2.69
1059.37,1201.83,1704.69,1788.72,-10.6774,876.012,2.7
1064.34,1205.19,1707.69,1788.72,-10.6641,872.29,2.71
1069.31,1208.54,1710.69,1788.72,-10.6508,868.572,2.72
1074.29,1211.89,1713.69,1788.72,-10.6375,864.856,2.73
1079.28,1215.23,1716.69,1788.72,-10.624,861.144,2.74
1084.27,1218.56,1719.69,1788.72,-10.6106,857.434,2.75
1089.27,1221.88,1722.69,1788.72,-10.5971,853.728,2.76
1094.27,1225.19,1725.69,1788.72,-10.5835,850.025,2.77
1099.28,1228.49,1728.69,1788.72,-10.5698,846.324,2.78
1104.3,1231.78,1731.69,1788.72,-10.5561,842.627,2.79
1109.32,1235.07,1734.69,1788.72,-10.5424,838.933,2.8
1114.34,1238.34,1737.69,1788.72,-10.5286,835.241,2.81
1119.38,1241.61,1740.69,1788.72,-10.5147,831.553,2.82
1124.41,1244.87,1743.69,1788.72,-10.5008,827.868,2.83
1129.46,1248.12,1746.69,1788.72,-10.4869,824.185,2.84
1134.51,1251.36,1749.69,1788.72,-10.4728,820.506,2.85
1139.56,1254.6,1752.69,1788.72,-10.4588,816.829,2.86
1144.62,1257.82,1755.69,1788.72,-10.4447,813.156,2.87
1149.69,1261.04,1758.69,1788.72,-10.4305,809.485,2.88
1154.76,1264.24,1761.69,1788.72,-10.4163,805.818,2.89
1159.83,1267.44,1764.69,1788.72,-10.402,802.153,2.9
1164.91,1270.63,1767.69,1788.72,-10.3877,798.492,2.91
1170,1273.81,1770.69,1788.72,-10.3733,794.833,2.92
1175.09,1276.99,1773.69,1788.72,-10.3588,791.177,2.93
1180.19,1280.15,1776.69,1788.72,-10.3444,787.524,2.94
1185.29,1283.31,1779.69,1788.72,-10.3298,783.874,2.95
1190.4,1286.45,1782.69,1788.72,-10.3153,780.227,2.96
1195.52,1289.59,1785.69,1788.72,-10.3006,776.583,2.97
1200.64,1292.72,1788.69,1788.72,-10.2859,772.942,2.98
1205.76,1295.84,1791.69,1788.72,-10.2712,769.303,2.99
1210.89,1298.95,1794.69,1788.72,-10.2564,765.668,3
1216.03,1302.06,1797.69,1788.72,-10.2416,762.035,3.01
1221.17,1305.15,1800.69,1788.72,-10.2268,758.406,3.02
1226.31,1308.24,1803.69,1788.72,-10.2118,754.779,3.03
1231.46,1311.32,1806.69,1788.72,-10.1969,751.155,3.04
1236.62,1314.39,1809.69,1788.72,-10.1819,747.534,3.05
1241.78,1317.45,1812.69,1788.72,-10.1668,743.916,3.06
1246.94,1320.5,1815.69,1788.72,-10.1517,740.3,3.07
1252.11,1323.54,1818.69,1788.72,-10.1365,736.688,3.08
1257.29,1326.58,1821.69,1788.72,-10.1213,733.078,3.09
1262.47,1329.61,1824.69,1788.72,-10.1061,729.471,3.1
1267.65,1332.62,1827.69,1788.72,-10.0908,725.867,3.11
1272.85,1335.63,1830.69,1788.72,-10.0755,722.266,3.12
1278.04,1338.63,1833.69,1788.72,-10.0601,718.667,3.13
1283.24,1341.63,1836.69,1788.72,-10.0447,715.072,3.14
1288.45,1344.61,1839.69,1788.72,-10.0292,711.479,3.15
1293.66,1347.59,1842.69,1788.72,-10.0137,707.889,3.16
1298.87,1350.55,1845.69,1788.72,-9.99816,704.301,3.17
1304.09,1353.51,1848.69,1788.72,-9.98256,700.717,3.18
1309.32,1356.46,1851.69,1788.72,-9.96693,697.135,3.19
1314.55,1359.4,1854.69,1788.72,-9.95125,693.556,3.2
1319.78,1362.34,1857.69,1788.72,-9.93553,689.98,3.21
1325.02,1365.26,1860.69,1788.72,-9.91977,686.407,3.22
1330.26,1368.18,1863.69,1788.72,-9.90397,682.836,3.23
1335.51,1371.08,1866.69,1788.72,-9.88813,679.268,3.24
1340.77,1373.98,1869.69,1788.72,-9.87225,675.703,3.25
1346.02,1376.87,1872.69,1788.72,-9.85633,672.141,3.26
1351.29,1379.75,1875.69,1788.72,-9.84037,668.581,3.27
1356.55,1382.63,1878.69,1788.72,-9.82437,665.024,3.28
1361.83,1385.49,1881.69,1788.72,-9.80833,661.469,3.29
1367.1,1388.35,1884.69,1788.72,-9.79225,657.918,3.3
1372.38,1391.2,1887.69,1788.72,-9.77613,654.369,3.31
1377.67,1394.04,1890.69,1788.72,-9.75998,650.823,3.32
1382.96,1396.87,1893.69,1788.72,-9.74379,647.279,3.33
1388.25,1399.69,1896.69,1788.72,-9.72756,643.738,3.34
1393.55,1402.51,1899.69,1788.72,-9.71129,640.2,3.35
1398.85,1405.31,1902.69,1788.72,-9.69499,636.665,3.36
1404.16,1408.11,1905.69,1788.72,-9.67865,633.132,3.37
1409.47,1410.9,1908.69,1788.72,-9.66227,629.602,3.38
1414.79,1413.68,1911.69,1788.72,-9.64586,626.074,3.39
1420.11,1416.45,1914.69,1788.72,-9.62942,622.549,3.4
1425.44,1419.22,1917.69,1788.72,-9.61293,619.027,3.41
1430.77,1421.97,1920.69,1788.72,-9.59642,615.507,3.42
1436.1,1424.72,1923.69,1788.72,-9.57987,611.99,3.43
1441.44,1427.46,1926.69,1788.72,-9.56328,608.476,3.44
1446.78,1430.19,1929.69,1788.72,-9.54667,604.964,3.45
1452.13,1432.91,1932.69,1788.72,-9.53001,601.455,3.46
1457.48,1435.62,1935.69,1788.72,-9.51333,597.948,3.47
1462.84,1438.33,1938.69,1788.72,-9.49661,594.444,3.48
1468.2,1441.03,1941.69,1788.72,-9.47986,590.943,3.49
1473.56,1443.72,1944.69,1788.72,-9.46308,587.444,3.5
1478.93,1446.4,1947.69,1788.72,-9.44627,583.948,3.51
1484.3,1449.07,1950.69,1788.72,-9.42943,580.454,3.52
1489.68,1451.73,1953.69,1788.72,-9.41255,576.963,3.53
1495.06,1454.39,1956.69,1788.72,-9.39564,573.474,3.54
1500.44,1457.04,1959.69,1788.72,-9.37871,569.988,3.55
1505.83,1459.68,1962.69,1788.72,-9.36174,566.505,3.56
1511.22,1462.31,1965.69,1788.72,-9.34475,563.024,3.57
1516.62,1464.93,1968.69,1788.72,-9.32772,559.545,3.58
1522.02,1467.55,1971.69,1788.72,-9.31067,556.069,3.59
1527.42,1470.15,1974.69,1788.72,-9.29358,552.596,3.6
1532.83,1472.75,1977.69,1788.72,-9.27647,549.125,3.61
1538.24,1475.34,1980.69,1788.72,-9.25933,545.657,3.62
1543.66,1477.92,1983.69,1788.72,-9.24216,542.191,3.63
1549.08,1480.5,1986.69,1788.72,-9.22497,538.727,3.64
1554.5,1483.06,1989.69,1788.72,-9.20775,535.266,3.65
1559.93,1485.62,1992.69,1788.72,-9.1905,531.808,3.66
1565.36,1488.17,1995.69,1788.72,-9.17322,528.352,3.67
1570.8,1490.71,1998.69,1788.72,-9.15592,524.898,3.68
1576.23,1493.24,2001.69,1788.72,-9.1386,521.447,3.69
1581.68,1495.77,2004.69,1788.72,-9.12124,517.998,3.7
1587.12,1498.28,2007.69,1788.72,-9.10387,514.552,3.71
1592.57,1500.79,2010.69,1788.72,-9.08646,511.108,3.72
1598.03,1503.29,2013.69,1788.72,-9.06904,507.667,3.73
1603.49,1505.79,2016.69,1788.72,-9.05159,504.228,3.74
1608.95,1508.27,2019.69,1788.72,-9.03411,500.791,3.75
1614.41,1510.75,2022.69,1788.72,-9.01662,497.357,3.76
1619.88,1513.22,2025.69,1788.72,-8.99909,493.925,3.77
1625.35,1515.68,2028.69,1788.72,-8.98155,490.496,3.78
1630.83,1518.13,2031.69,1788.72,-8.96398,487.069,3.79
1636.31,1520.57,2034.69,1788.72,-8.94639,483.644,3.8
1641.79,1523.01,2037.69,1788.72,-8.92878,480.222,3.81
1647.28,1525.44,2040.69,1788.72,-8.91115,476.802,3.82
1652.77,1527.86,2043.69,1788.72,-8.8935,473.385,3.83
1658.26,1530.27,2046.69,1788.72,-8.87582,469.969,3.84
1663.76,1532.67,2049.69,1788.72,-8.85813,466.557,3.85
1669.26,1535.07,2052.69,1788.72,-8.84041,463.146,3.86
1674.77,1537.46,2055.69,1788.72,-8.82268,459.738,3.87
1680.27,1539.84,2058.69,1788.72,-8.80492,456.332,3.88
1685.78,1542.21,2061.69,1788.72,-8.78715,452.928,3.89
1691.3,1544.58,2064.69,1788.72,-8.76935,449.527,3.9
1696.82,1546.93,2067.69,1788.72,-8.75154,446.128,3.91
1702.34,1549.28,2070.69,1788.72,-8.73371,442.732,3.92
1707.86,1551.62,2073.69,1788.72,-8.71586,439.337,3.93
1713.39,1553.96,2076.69,1788.72,-8.69799,435.945,3.94
1718.92,1556.28,2079.69,1788.72,-8.68011,432.556,3.95
1724.46,1558.6,2082.69,1788.72,-8.66221,429.168,3.96
1729.99,1560.91,2085.69,1788.72,-8.64429,425.783,3.97
1735.53,1563.21,2088.69,1788.72,-8.62635,422.4,3.98
1741.08,1565.5,2091.69,1788.72,-8.6084,419.019,3.99
1746.63,1567.79,2094.69,1788.72,-8.59043,415.641,4
1752.18,1570.07,2097.69,1788.72,-8.57245,412.264,4.01
1757.73,1572.34,2100.69,1788.72,-8.55445,408.89,4.02
1763.29,1574.6,2103.69,1788.72,-8.53644,405.519,4.03
1768.85,1576.86,2106.69,1788.72,-8.51841,402.149,4.04
1774.41,1579.1,2109.69,1788.72,-8.50036,398.782,4.05
1779.98,1581.34,2112.69,1788.72,-8.48231,395.417,4.06
1785.55,1583.57,2115.69,1788.72,-8.46424,392.054,4.07
1791.12,1585.8,2118.69,1788.72,-8.44615,388.693,4.08
1796.69,1588.01,2121.69,1788.72,-8.42805,385.334,4.09
1802.27,1590.22,2124.69,1788.72,-8.40994,381.978,4.1
1807.85,1592.42,2127.69,1788.72,-8.39182,378.624,4.11
1813.44,1594.62,2130.69,1788.72,-8.37368,375.272,4.12
1819.03,1596.8,2133.69,1788.72,-8.35553,371.922,4.13
1824.62,1598.98,2136.69,1788.72,-8.33737,368.574,4.14
1830.21,1601.15,2139.69,1788.72,-8.3192,365.229,4.15
1835.81,1603.32,2142.69,1788.72,-8.30102,361.885,4.16
1841.41,1605.47,2145.69,1788.72,-8.28282,358.544,4.17
1847.01,1607.62,2148.69,1788.72,-8.26462,355.205,4.18
1852.62,1609.76,2151.69,1788.72,-8.2464,351.868,4.19
1858.22,1611.89,2154.69,1788.72,-8.22818,348.533,4.2
1863.83,1614.02,2157.69,1788.72,-8.20994,345.2,4.21
1869.45,1616.13,2160.69,1788.72,-8.1917,341.869,4.22
1875.07,1618.24,2163.69,1788.72,-8.17345,338.541,4.23
1880.68,1620.35,2166.69,1788.72,-8.15518,335.214,4.24
1886.31,1622.44,2169.69,1788.72,-8.13691,331.89,4.25
1891.93,1624.53,2172.69,1788.72,-8.11863,328.567,4.26
1897.56,1626.61,2175.69,1788.72,-8.10034,325.247,4.27
1903.19,1628.68,2178.69,1788.72,-8.08205,321.929,4.28
1908.82,1630.75,2181.69,1788.72,-8.06374,318.613,4.29
1914.46,1632.81,2184.69,1788.72,-8.04543,315.299,4.3
1920.1,1634.86,2187.69,1788.72,-8.02712,311.986,4.31
1925.74,1636.9,2190.69,1788.72,-8.00879,308.676,4.32
1931.38,1638.94,2193.69,1788.72,-7.99046,305.369,4.33
1937.03,1640.96,2196.69,1788.72,-7.97212,302.063,4.34
1942.68,1642.98,2199.69,1788.72,-7.95378,298.759,4.35
1948.33,1645,2202.69,1788.72,-7.93543,295.457,4.36
1953.99,1647,2205.69,1788.72,-7.91708,292.157,4.37
1959.64,1649,2208.69,1788.72,-7.89872,288.859,4.38
1965.3,1651,2211.69,1788.72,-7.88035,285.563,4.39
1970.97,1652.98,2214.69,1788.72,-7.86198,282.27,4.4
1976.63,1654.96,2217.69,1788.72,-7.84361,278.978,4.41
1982.3,1656.93,2220.69,1788.72,-7.82523,275.688,4.42
1987.97,1658.89,2223.69,1788.72,-7.80685,272.4,4.43
1993.64,1660.84,2226.69,1788.72,-7.78847,269.114,4.44
1999.32,1662.79,2229.69,1788.72,-7.77008,265.83,4.45
2004.99,1664.73,2232.69,1788.72,-7.75169,262.548,4.46
2010.67,1666.67,2235.69,1788.72,-7.73329,259.268,4.47
2016.36,1668.59,2238.69,1788.72,-7.7149,255.99,4.48
2022.04,1670.51,2241.69,1788.72,-7.6965,252.714,4.49
2027.73,1672.43,2244.69,1788.72,-7.6781,249.44,4.5
2033.42,1674.33,2247.69,1788.72,-7.65969,246.168,4.51
2039.11,1676.23,2250.69,1788.72,-7.64129,242.898,4.52
2044.8,1678.12,2253.69,1788.72,-7.62288,239.63,4.53
2050.5,1680,2256.69,1788.72,-7.60448,236.364,4.54
2056.2,1681.88,2259.69,1788.72,-7.58607,233.099,4.55
2061.9,1683.75,2262.69,1788.72,-7.56766,229.837,4.56
2067.6,1685.61,2265.69,1788.72,-7.54926,226.577,4.57
2073.31,1687.47,2268.69,1788.72,-7.53085,223.318,4.58
2079.02,1689.32,2271.69,1788.72,-7.51244,220.061,4.59
2084.73,1691.16,2274.69,1788.72,-7.49403,216.807,4.6
2090.44,1692.99,2277.69,1788.72,-7.47563,213.554,4.61
2096.15,1694.82,2280.69,1788.72,-7.45722,210.303,4.62
2101.87,1696.64,2283.69,1788.72,-7.43882,207.054,4.63
2107.59,1698.46,2286.69,1788.72,-7.42041,203.808,4.64
2113.31,1700.26,2289.69,1788.72,-7.40201,200.563,4.65
2119.04,1702.06,2292.69,1788.72,-7.38361,197.319,4.66
2124.76,1703.86,2295.69,1788.72,-7.36521,194.078,4.67
2130.49,1705.64,2298.69,1788.72,-7.34682,190.839,4.68
2136.22,1707.42,2301.69,1788.72,-7.32843,187.602,4.69
2141.95,1709.19,2304.69,1788.72,-7.31004,184.367,4.7
2147.69,1710.96,2307.69,1788.72,-7.29165,181.133,4.71
2153.42,1712.72,2310.69,1788.72,-7.27327,177.902,4.72
2159.16,1714.47,2313.69,1788.72,-7.25489,174.672,4.73
2164.9,1716.21,2316.69,1788.72,-7.23651,171.445,4.74
2170.65,1717.95,2319.69,1788.72,-7.21814,168.219,4.75
2176.39,1719.68,2322.69,1788.72,-7.19977,164.995,4.76
2182.14,1721.41,2325.69,1788.72,-7.18141,161.774,4.77
2187.89,1723.13,2328.69,1788.72,-7.16305,158.554,4.78
2193.64,1724.84,2331.69,1788.72,-7.14469,155.336,4.79
2199.39,1726.54,2334.69,1788.72,-7.12634,152.121,4.8
2205.14,1728.24,2337.69,1788.72,-7.108,148.907,4.81
2210.9,1729.93,2340.69,1788.72,-7.08966,145.696,4.82
2216.66,1731.62,2343.69,1788.72,-7.07133,142.486,4.83
2222.42,1733.29,2346.69,1788.72,-7.053,139.279,4.84
2228.18,1734.97,2349.69,1788.72,-7.03468,136.074,4.85
2233.95,1736.63,2352.69,1788.72,-7.01637,132.87,4.86
2239.71,1738.29,2355.69,1788.72,-6.99806,129.669,4.87
2245.48,1739.94,2358.69,1788.72,-6.97976,126.471,4.88
2251.25,1741.58,2361.69,1788.72,-6.96146,123.274,4.89
2257.02,1743.22,2364.69,1788.72,-6.94318,120.08,4.9
2262.8,1744.85,2367.69,1788.72,-6.9249,116.888,4.91
2268.57,1746.48,2370.69,1788.72,-6.90663,113.699,4.92
2274.35,1748.1,2373.69,1788.72,-6.88836,110.512,4.93
2280.13,1749.71,2376.69,1788.72,-6.87011,107.327,4.94
2285.91,1751.32,2379.69,1788.72,-6.85186,104.145,4.95
2291.69,1752.92,2382.69,1788.72,-6.83362,100.966,4.96
2297.48,1754.51,2385.69,1788.72,-6.81539,97.79,4.97
2303.27,1756.09,2388.69,1788.72,-6.79716,94.6166,4.98
2309.05,1757.67,2391.69,1788.72,-6.77895,91.4462,4.99
2314.84,1759.25,2394.69,1788.72,-6.76075,88.2791,5
2320.64,1760.81,2397.69,1788.72,-6.74255,85.1154,5.01
2326.43,1762.38,2400.69,1788.72,-6.72437,81.9552,5.02
2332.22,1763.93,2403.69,1788.72,-6.70619,78.799,5.03
2338.02,1765.48,2406.69,1788.72,-6.68803,75.6468,5.04
2343.82,1767.02,2409.69,1788.72,-6.66987,72.4992,5.05
2349.62,1768.55,2412.69,1788.72,-6.65173,69.3563,5.06
2355.42,1770.08,2415.69,1788.72,-6.63359,66.2189,5.07
2361.23,1771.61,2418.69,1788.72,-6.61547,63.0873,5.08
2367.03,1773.12,2421.69,1788.72,-6.59736,59.9623,5.09
2372.84,1774.63,2424.69,1788.72,-6.57925,56.8447,5.1
2378.65,1776.14,2427.69,1788.72,-6.56116,53.7355,5.11
2384.46,1777.63,2430.69,1788.72,-6.54308,50.636,5.12
2390.27,1779.13,2433.69,1788.72,-6.52502,47.5479,5.13
2396.08,1780.61,2436.69,1788.72,-6.50696,44.4731,5.14
2401.9,1782.09,2439.69,1788.72,-6.48892,41.4142,5.15
2407.71,1783.56,2442.69,1788.72,-6.47088,38.3748,5.16
2413.53,1785.03,2445.69,1788.72,-6.45286,35.3594,5.17
2419.35,1786.49,2448.69,1788.72,-6.43486,32.3744,5.18
2425.17,1787.95,2451.69,1788.72,-6.41686,29.4285,5.19
2430.99,1789.39,2454.69,1788.72,-6.39888,26.5342,5.2
2436.82,1790.84,2457.69,1788.72,-6.38091,23.7099,5.21
2442.64,1792.27,2460.69,1788.72,-6.36296,20.9832,5.22
2448.47,1793.7,2463.69,1788.72,-6.34502,18.3969,5.23
2454.3,1795.13,2466.69,1788.72,-6.32709,16.0183,5.24
2460.13,1796.55,2469.69,1788.72,-6.30917,13.953,5.25
2465.96,1797.96,2472.69,1788.72,-6.29127,12.3581,5.26
2471.79,1799.36,2475.69,1788.72,-6.27339,11.431,5.27
2477.63,1800.76,2478.69,1788.72,-6.25551,11.3357,5.28
